Rk,Player,Age,Team,Pos,G,GS,MP,PER,TS%,3PAr,FTr,ORB%,DRB%,TRB%,AST%,STL%,BLK%,TOV%,USG%,OWS,DWS,WS,WS/48,OBPM,DBPM,BPM,VORP,Awards
1.0,Amen Thompson,23.0,HOU,PG,71.0,71.0,2649.0,18.4,0.585,0.116,0.368,9.1,14.2,11.7,20.3,1.9,1.6,13.9,20.0,5.3,3.3,8.6,0.156,1.4,0.9,2.2,2.8,
2.0,Kevin Durant,37.0,HOU,SF,70.0,70.0,2557.0,20.9,0.638,0.326,0.336,1.6,14.7,8.2,20.0,1.2,2.2,13.7,27.1,6.4,2.8,9.2,0.173,4.1,0.1,4.2,4.0,AS
3.0,Desmond Bane,27.0,ORL,SG,73.0,73.0,2498.0,17.1,0.608,0.351,0.274,3.9,9.8,6.8,19.4,1.5,1.1,10.6,23.3,4.6,2.2,6.8,0.13,1.7,-0.4,1.3,2.1,
4.0,Toumani Camara,25.0,POR,PF,75.0,75.0,2490.0,10.8,0.571,0.664,0.164,5.0,12.0,8.4,10.7,1.5,1.1,14.0,16.1,1.5,2.2,3.7,0.072,-1.3,-0.2,-1.5,0.3,
5.0,Mikal Bridges,29.0,NYK,SF,74.0,74.0,2469.0,15.4,0.582,0.435,0.096,3.3,10.1,6.7,16.3,1.9,2.5,7.5,17.4,4.3,3.1,7.4,0.144,1.3,1.4,2.8,3.0,
6.0,Jamal Murray,28.0,DEN,PG,70.0,70.0,2461.0,22.0,0.62,0.406,0.293,1.4,12.1,7.0,31.9,1.2,0.9,10.0,28.3,7.3,1.5,8.8,0.172,5.5,-1.5,4.0,3.8,AS
7.0,Julius Randle,31.0,MIN,PF,74.0,74.0,2448.0,18.4,0.58,0.285,0.404,5.7,16.8,11.3,23.3,1.6,0.6,13.3,26.5,3.9,3.0,6.9,0.136,1.3,0.0,1.3,2.0,
8.0,Jabari Smith Jr.,22.0,HOU,PF,69.0,69.0,2432.0,13.5,0.568,0.492,0.218,4.8,17.0,11.0,7.5,1.1,2.4,9.1,18.0,3.0,2.9,5.9,0.116,-0.6,-0.1,-0.7,0.8,
9.0,Scottie Barnes,24.0,TOR,PF,71.0,71.0,2413.0,19.2,0.578,0.204,0.26,6.5,19.4,12.9,24.9,2.0,4.4,14.2,23.5,2.9,3.9,6.8,0.136,1.7,2.2,3.8,3.5,AS
10.0,Derrick White,31.0,BOS,SG,70.0,70.0,2398.0,16.5,0.526,0.572,0.19,3.6,10.5,7.1,23.1,1.8,4.0,10.0,22.9,3.2,3.3,6.5,0.13,2.3,1.0,3.4,3.3,
11.0,Nickeil Alexander-Walker,27.0,ATL,SG,72.0,65.0,2390.0,16.2,0.603,0.525,0.265,2.1,9.3,5.7,16.3,1.9,1.4,10.8,23.9,3.1,2.4,5.5,0.11,1.3,-0.5,0.7,1.6,
12.0,Brandon Ingram,28.0,TOR,SF,70.0,70.0,2380.0,15.9,0.566,0.277,0.268,2.6,16.2,9.3,16.8,1.1,2.1,11.7,27.0,0.9,2.7,3.6,0.072,0.7,-0.6,0.0,1.2,AS
13.0,Jalen Brunson,29.0,NYK,PG,68.0,68.0,2379.0,20.1,0.579,0.361,0.291,1.3,9.4,5.3,30.7,1.1,0.3,9.4,30.4,6.0,2.1,8.1,0.164,3.9,-1.0,3.0,3.0,AS
14.0,Tyrese Maxey,25.0,PHI,PG,62.0,62.0,2377.0,22.5,0.59,0.405,0.278,0.8,11.2,6.0,29.3,2.5,2.0,9.1,29.7,5.6,2.5,8.0,0.162,5.3,0.6,5.9,4.7,AS
15.0,DeMar DeRozan,36.0,SAC,PF,74.0,74.0,2337.0,17.7,0.592,0.146,0.432,1.6,9.3,5.3,20.0,1.6,0.9,7.5,22.7,4.9,0.4,5.3,0.108,0.8,-1.0,-0.3,1.0,
16.0,VJ Edgecombe,20.0,PHI,SG,67.0,67.0,2337.0,13.9,0.541,0.415,0.18,5.1,12.9,8.9,16.8,1.9,1.5,10.8,20.2,1.7,2.1,3.8,0.079,-0.4,-0.2,-0.6,0.8,
17.0,Jalen Johnson,24.0,ATL,SF,66.0,66.0,2335.0,21.0,0.584,0.281,0.312,4.3,27.3,15.6,34.6,1.7,1.2,14.7,27.1,3.7,3.5,7.1,0.147,3.3,1.3,4.6,3.9,AS
18.0,Dyson Daniels,22.0,ATL,SG,70.0,70.0,2321.0,15.3,0.538,0.144,0.152,7.6,14.4,11.0,24.0,2.7,1.2,14.2,16.0,2.6,3.1,5.7,0.118,-0.7,1.6,0.9,1.7,
19.0,Payton Pritchard,28.0,BOS,PG,71.0,49.0,2310.0,16.8,0.576,0.518,0.128,2.9,10.5,6.8,23.7,1.2,0.4,8.7,21.4,5.2,2.2,7.4,0.154,2.3,-0.3,1.9,2.3,
20.0,Kon Knueppel,20.0,CHO,SF,73.0,72.0,2304.0,17.9,0.648,0.601,0.219,4.4,14.7,9.7,17.0,1.1,0.7,11.9,22.3,5.7,2.2,7.9,0.164,3.8,-0.3,3.5,3.2,
21.0,Donte DiVincenzo,29.0,MIN,SG,74.0,74.0,2290.0,12.9,0.573,0.764,0.126,3.2,12.0,7.7,17.3,2.1,1.1,12.1,16.8,2.4,2.8,5.2,0.108,0.2,0.9,1.0,1.8,
22.0,Ryan Rollins,23.0,MIL,PG,71.0,64.0,2275.0,16.0,0.579,0.439,0.15,2.6,13.4,8.1,27.0,2.3,1.3,15.6,24.1,1.3,1.7,3.1,0.065,0.5,-0.5,0.0,1.1,
23.0,Trey Murphy III,25.0,NOP,SF,64.0,64.0,2272.0,18.5,0.614,0.541,0.234,3.0,14.5,8.7,16.3,2.1,0.9,9.3,22.9,4.5,1.6,6.1,0.129,3.1,-0.6,2.5,2.6,
24.0,Jaden McDaniels,25.0,MIN,PF,71.0,71.0,2262.0,14.0,0.617,0.313,0.225,3.7,10.8,7.3,12.3,1.7,2.7,13.2,18.3,2.6,2.7,5.3,0.113,-0.8,0.7,-0.2,1.0,
25.0,James Harden,36.0,2TM,PG,64.0,64.0,2242.0,21.1,0.612,0.511,0.474,2.0,14.0,8.1,35.4,1.6,1.1,15.4,28.9,5.4,1.9,7.3,0.157,4.8,-0.7,4.1,3.5,
25.0,James Harden,36.0,LAC,PG,44.0,44.0,1559.0,21.8,0.598,0.505,0.485,2.1,13.4,7.9,36.4,1.8,1.0,14.8,31.2,3.5,1.3,4.8,0.149,4.8,-1.0,3.8,2.3,
25.0,James Harden,36.0,CLE,PG,20.0,20.0,683.0,19.6,0.654,0.53,0.444,1.9,15.3,8.6,33.2,1.1,1.4,17.2,23.6,1.9,0.6,2.5,0.175,5.0,-0.1,4.9,1.2,
26.0,Rudy Gobert,33.0,MIN,C,71.0,71.0,2232.0,17.9,0.671,0.009,0.638,14.2,25.7,20.1,7.3,1.2,4.6,14.2,12.9,4.7,3.8,8.5,0.182,0.2,0.9,1.1,1.8,
27.0,Luka Dončić,26.0,LAL,PG,62.0,62.0,2229.0,28.0,0.615,0.474,0.443,2.2,22.7,12.8,40.2,2.2,1.4,12.8,38.1,6.5,2.8,9.3,0.201,7.9,1.2,9.1,6.3,AS
28.0,Jaylen Brown,29.0,BOS,SF,65.0,65.0,2228.0,22.3,0.573,0.26,0.345,3.8,18.5,11.2,26.6,1.5,1.2,12.6,36.1,3.4,3.1,6.5,0.141,3.8,0.0,3.8,3.3,AS
29.0,Paolo Banchero,23.0,ORL,PF,63.0,63.0,2208.0,18.3,0.571,0.242,0.503,3.8,23.1,13.3,23.0,0.9,1.6,13.0,27.9,2.2,2.5,4.7,0.103,1.8,-0.1,1.7,2.1,
30.0,Donovan Mitchell,29.0,CLE,SG,65.0,65.0,2180.0,22.8,0.609,0.446,0.303,2.4,12.3,7.3,28.2,2.2,0.8,11.0,32.3,5.3,2.3,7.6,0.168,5.2,-0.2,5.0,3.9,AS
31.0,Immanuel Quickley,26.0,TOR,PG,67.0,67.0,2174.0,16.7,0.579,0.525,0.234,1.8,12.5,7.1,26.6,2.0,0.2,9.4,21.2,3.8,2.4,6.2,0.138,1.9,0.4,2.3,2.3,
32.0,Miles Bridges,27.0,CHO,PF,69.0,69.0,2169.0,15.4,0.561,0.433,0.241,3.4,17.3,10.5,15.8,0.9,1.3,8.7,22.5,3.2,2.2,5.4,0.12,0.8,-0.3,0.5,1.4,
33.0,Alperen Şengün,23.0,HOU,C,64.0,64.0,2152.0,21.1,0.563,0.11,0.34,9.9,19.4,14.7,28.9,1.8,3.0,15.2,26.7,3.5,3.2,6.7,0.15,2.5,1.4,3.9,3.1,AS
34.0,Matas Buzelis,21.0,CHI,PF,73.0,73.0,2142.0,15.0,0.591,0.512,0.247,3.9,16.7,10.4,10.1,1.1,4.5,12.7,22.7,0.7,2.0,2.7,0.061,-0.5,-0.4,-0.9,0.6,
35.0,Karl-Anthony Towns,30.0,NYK,C,69.0,69.0,2132.0,21.7,0.615,0.304,0.406,11.0,31.7,21.3,13.7,1.4,1.8,13.1,26.0,4.9,3.7,8.6,0.194,2.4,0.4,2.8,2.6,AS
36.0,Saddiq Bey,26.0,NOP,SF,68.0,60.0,2112.0,17.2,0.58,0.43,0.307,5.8,13.7,9.7,12.3,1.5,0.3,6.0,21.5,4.3,1.0,5.3,0.12,2.3,-1.8,0.5,1.3,
37.0,Naji Marshall,28.0,DAL,SF,71.0,44.0,2108.0,15.7,0.599,0.262,0.37,3.3,13.5,8.5,16.4,1.7,0.2,11.2,20.6,2.6,1.8,4.5,0.102,-0.5,0.1,-0.4,0.9,
38.0,Collin Gillespie,26.0,PHO,PG,73.0,54.0,2107.0,15.8,0.586,0.683,0.108,3.9,12.2,7.9,23.8,2.2,0.7,12.4,18.8,3.7,2.3,6.0,0.137,2.3,0.6,2.9,2.6,
39.0,Onyeka Okongwu,25.0,ATL,C,68.0,57.0,2107.0,16.1,0.594,0.442,0.229,6.4,20.6,13.4,14.4,1.7,3.1,11.9,19.7,2.4,3.0,5.4,0.124,-0.1,0.8,0.7,1.4,
40.0,Brandin Podziemski,22.0,GSW,SG,74.0,35.0,2105.0,14.4,0.569,0.475,0.27,3.7,17.3,10.4,19.5,1.9,0.6,12.4,19.7,2.1,2.3,4.4,0.099,-0.1,0.0,-0.1,1.0,
41.0,Cooper Flagg,19.0,DAL,SF,62.0,62.0,2101.0,17.5,0.55,0.205,0.284,3.9,16.6,10.3,21.4,1.7,2.3,11.4,26.0,1.1,2.3,3.4,0.078,0.7,0.5,1.2,1.7,
42.0,Cade Cunningham,24.0,DET,PG,61.0,61.0,2096.0,21.9,0.567,0.308,0.33,2.9,15.0,9.0,44.7,2.1,2.5,14.6,30.6,4.3,3.5,7.8,0.179,5.0,1.6,6.5,4.5,AS
43.0,Bam Adebayo,28.0,MIA,C,65.0,65.0,2086.0,18.5,0.547,0.347,0.365,6.6,25.4,15.9,13.4,1.7,1.9,8.3,25.5,2.1,3.3,5.5,0.125,1.3,0.5,1.8,2.0,
44.0,CJ McCollum,34.0,2TM,PG,70.0,54.0,2083.0,15.9,0.567,0.447,0.215,3.0,9.4,6.1,19.4,1.2,1.2,9.7,25.8,1.8,0.8,2.6,0.061,1.3,-2.0,-0.7,0.7,
44.0,CJ McCollum,34.0,WAS,SG,35.0,35.0,1082.0,15.3,0.573,0.461,0.193,2.2,10.1,6.1,18.1,1.1,0.7,9.2,24.4,1.1,-0.1,1.0,0.046,1.2,-2.7,-1.5,0.1,
44.0,CJ McCollum,34.0,ATL,PG,35.0,19.0,1001.0,16.5,0.562,0.432,0.237,3.7,8.6,6.1,20.8,1.4,1.7,10.2,27.3,0.7,0.9,1.6,0.076,1.5,-1.3,0.2,0.6,
45.0,Shai Gilgeous-Alexander,27.0,OKC,PG,62.0,62.0,2070.0,31.2,0.665,0.228,0.461,1.7,12.0,7.1,35.1,2.1,2.4,8.3,33.4,10.3,3.8,14.2,0.328,8.8,3.1,11.9,7.2,AS
46.0,Anthony Edwards,24.0,MIN,SG,58.0,58.0,2061.0,22.3,0.621,0.418,0.359,1.9,13.6,7.9,17.6,1.9,2.0,10.7,31.5,4.1,2.6,6.7,0.157,5.0,-0.1,4.9,3.6,AS
47.0,Nikola Jokić,30.0,DEN,C,59.0,59.0,2059.0,32.6,0.675,0.266,0.429,9.9,30.6,20.7,51.6,2.0,2.1,15.8,30.6,10.5,3.1,13.6,0.317,10.2,4.1,14.3,8.4,AS
48.0,Royce O'Neale,32.0,PHO,SF,71.0,66.0,2057.0,11.5,0.591,0.831,0.055,2.8,16.0,9.2,13.1,1.9,1.3,13.9,14.4,1.7,2.5,4.1,0.097,-0.4,0.9,0.6,1.3,
49.0,Wendell Carter Jr.,26.0,ORL,C,69.0,69.0,2047.0,14.4,0.614,0.369,0.36,7.8,20.7,14.2,9.9,1.3,1.9,11.3,15.6,3.2,2.5,5.6,0.132,-0.8,0.5,-0.3,0.9,
50.0,Julian Champagnie,24.0,SAS,SF,74.0,60.0,2046.0,13.0,0.612,0.756,0.208,3.6,18.4,11.2,6.9,1.4,1.4,9.0,15.2,2.5,3.1,5.6,0.131,0.5,0.9,1.3,1.7,
51.0,Max Christie,22.0,DAL,SG,69.0,60.0,2031.0,11.1,0.606,0.606,0.178,0.8,10.9,6.0,9.5,1.0,1.0,11.3,16.5,1.2,1.3,2.6,0.061,-0.9,-0.5,-1.4,0.3,
52.0,Kris Dunn,31.0,LAC,PG,74.0,63.0,2028.0,11.6,0.582,0.442,0.175,3.3,10.7,7.1,17.9,2.9,0.6,17.1,12.5,1.7,2.0,3.8,0.089,-2.2,1.4,-0.8,0.6,
53.0,Bub Carrington,20.0,WAS,PG,73.0,39.0,2017.0,9.8,0.554,0.57,0.16,1.7,12.1,6.9,22.3,1.1,0.7,19.4,17.4,-0.1,0.0,-0.1,-0.003,-2.2,-2.2,-4.5,-1.3,
54.0,Quentin Grimes,25.0,PHI,SG,67.0,19.0,2015.0,13.2,0.59,0.516,0.329,2.3,11.3,6.7,16.3,1.5,1.2,13.8,19.0,1.9,1.4,3.4,0.08,-0.7,-0.6,-1.3,0.3,
55.0,Tim Hardaway Jr.,33.0,DEN,SG,74.0,5.0,1994.0,13.6,0.626,0.702,0.258,0.9,9.5,5.4,6.9,0.9,0.4,4.9,18.7,3.3,0.8,4.1,0.099,1.3,-2.0,-0.7,0.6,
56.0,OG Anunoby,28.0,NYK,PF,60.0,60.0,1994.0,15.7,0.619,0.488,0.274,4.4,12.9,8.6,9.3,2.4,2.1,12.5,19.9,2.6,2.9,5.5,0.132,0.8,1.2,1.9,2.0,
57.0,De'Aaron Fox,28.0,SAS,PG,64.0,64.0,1992.0,17.9,0.582,0.376,0.243,2.1,10.6,6.5,30.0,1.8,0.8,12.4,25.0,3.2,2.7,5.9,0.142,1.8,0.6,2.4,2.2,AS
58.0,Pascal Siakam,31.0,IND,PF,59.0,59.0,1970.0,18.3,0.559,0.254,0.335,4.6,17.3,10.8,19.7,1.6,1.1,9.5,29.8,1.0,1.4,2.4,0.058,1.6,-1.1,0.6,1.3,AS
59.0,A.J. Green,26.0,MIL,SG,69.0,61.0,1964.0,8.7,0.61,0.901,0.091,1.2,8.8,5.0,9.0,0.8,0.4,9.9,13.4,1.4,0.3,1.7,0.041,-2.1,-1.7,-3.8,-0.9,
60.0,Duncan Robinson,31.0,DET,SF,71.0,71.0,1960.0,12.0,0.617,0.776,0.154,1.6,9.2,5.5,9.9,1.0,1.1,6.5,15.5,3.3,2.2,5.5,0.135,0.6,-0.1,0.5,1.3,
61.0,Deni Avdija,25.0,POR,SF,59.0,59.0,1955.0,20.1,0.598,0.378,0.58,3.7,19.1,11.3,32.2,1.1,1.7,16.2,29.2,3.9,2.1,5.9,0.146,3.7,0.4,4.0,3.0,AS
62.0,Devin Booker,29.0,PHO,SG,58.0,58.0,1938.0,19.9,0.579,0.309,0.434,2.4,10.8,6.5,29.9,1.2,0.9,12.6,32.0,3.9,1.6,5.5,0.136,2.9,-1.1,1.8,1.9,AS
63.0,Reed Sheppard,21.0,HOU,SG,73.0,15.0,1923.0,15.3,0.556,0.6,0.098,1.6,10.6,6.1,18.9,2.9,2.3,11.7,21.9,2.1,2.7,4.8,0.121,0.8,1.4,2.3,2.1,
64.0,Cason Wallace,22.0,OKC,SG,71.0,57.0,1918.0,12.2,0.537,0.487,0.118,3.5,8.8,6.3,13.0,3.6,1.4,10.9,14.5,0.9,4.0,4.9,0.123,-2.1,3.3,1.2,1.5,
65.0,Donovan Clingan,21.0,POR,C,70.0,70.0,1912.0,21.0,0.603,0.351,0.313,17.9,29.0,23.4,11.6,1.0,5.4,11.2,17.0,4.6,3.1,7.7,0.194,2.4,0.5,2.9,2.4,
66.0,Evan Mobley,24.0,CLE,PF,59.0,57.0,1908.0,19.7,0.593,0.256,0.344,8.0,22.1,15.1,16.6,1.2,5.2,10.9,22.4,3.2,2.7,5.9,0.148,1.8,1.3,3.0,2.4,
67.0,Jaime Jaquez Jr.,24.0,MIA,SF,67.0,1.0,1890.0,15.3,0.563,0.186,0.254,4.5,13.8,9.1,24.5,1.2,0.9,13.4,22.1,1.7,2.0,3.7,0.093,-0.1,0.3,0.2,1.0,
68.0,Kawhi Leonard,34.0,LAC,SF,58.0,58.0,1868.0,28.3,0.629,0.351,0.339,3.9,18.5,11.4,21.2,3.1,1.3,8.5,33.9,5.9,2.5,8.4,0.216,7.4,0.8,8.2,4.8,AS
69.0,Jeremiah Fears,19.0,NOP,PG,75.0,45.0,1867.0,12.6,0.515,0.299,0.224,3.0,12.6,7.7,19.4,2.1,1.3,14.8,24.9,-1.3,1.3,0.0,-0.001,-2.1,-1.3,-3.4,-0.7,
70.0,Jarace Walker,22.0,IND,PF,73.0,38.0,1866.0,11.6,0.547,0.488,0.251,2.6,19.6,10.9,13.9,1.5,1.1,14.5,20.5,-0.8,1.3,0.5,0.014,-1.8,-0.9,-2.7,-0.3,
71.0,Russell Westbrook,37.0,SAC,SF,64.0,58.0,1853.0,15.1,0.528,0.452,0.218,4.7,16.6,10.5,34.4,2.2,0.6,18.5,25.9,-0.6,0.9,0.3,0.007,0.6,-1.1,-0.5,0.7,
72.0,Naz Reid,26.0,MIN,C,71.0,2.0,1851.0,15.7,0.573,0.521,0.145,5.1,20.9,13.2,12.8,1.8,3.3,12.2,21.9,1.1,3.0,4.1,0.105,0.2,1.0,1.2,1.5,
73.0,Nic Claxton,26.0,BRK,C,66.0,65.0,1851.0,17.8,0.591,0.03,0.395,10.0,19.5,14.5,21.9,1.2,3.8,12.1,17.6,3.3,1.5,4.8,0.125,0.5,0.7,1.2,1.5,
74.0,Chet Holmgren,23.0,OKC,PF,63.0,63.0,1842.0,21.2,0.648,0.308,0.365,7.3,25.0,16.5,8.6,0.9,6.3,10.4,21.8,4.0,4.2,8.2,0.214,2.2,1.6,3.8,2.7,AS
75.0,Anthony Black,22.0,ORL,PG,60.0,40.0,1841.0,13.9,0.552,0.385,0.292,2.6,11.5,7.0,18.6,2.3,2.0,13.1,22.1,0.4,2.2,2.6,0.068,-1.0,0.5,-0.5,0.7,
76.0,Stephon Castle,21.0,SAS,PG,62.0,61.0,1837.0,17.3,0.573,0.297,0.478,5.0,13.3,9.3,34.2,1.9,0.9,17.9,25.1,2.4,2.7,5.1,0.134,0.8,0.9,1.7,1.7,
77.0,Bruce Brown,29.0,DEN,SG,75.0,2.0,1831.0,10.5,0.557,0.283,0.242,5.1,12.2,8.8,11.2,1.9,0.9,13.6,14.2,1.0,1.5,2.5,0.066,-2.5,-0.1,-2.6,-0.3,
78.0,Andrew Wiggins,30.0,MIA,SF,60.0,60.0,1828.0,15.3,0.583,0.396,0.19,5.7,11.1,8.4,12.5,1.7,3.0,10.2,19.9,1.9,2.2,4.2,0.11,0.8,0.7,1.5,1.6,
79.0,Jake LaRavia,24.0,LAL,PF,74.0,36.0,1821.0,12.1,0.571,0.471,0.294,7.0,11.0,9.1,9.5,2.4,1.6,12.5,14.7,1.6,1.8,3.4,0.09,-1.5,0.3,-1.3,0.3,
80.0,Jaylen Wells,22.0,MEM,SG,69.0,69.0,1821.0,11.5,0.559,0.523,0.245,3.6,9.6,6.5,8.7,1.6,0.5,8.7,19.3,0.9,0.9,1.9,0.049,-1.8,-1.3,-3.1,-0.5,
81.0,Myles Turner,29.0,MIL,C,67.0,67.0,1817.0,14.0,0.586,0.6,0.27,4.4,17.4,11.0,7.7,1.3,5.6,10.6,18.6,1.1,1.7,2.8,0.073,-0.9,-0.1,-1.0,0.5,
82.0,Derik Queen,21.0,NOP,C,74.0,45.0,1808.0,15.9,0.549,0.116,0.363,7.0,23.5,15.2,21.6,1.9,3.4,18.1,21.6,0.5,2.0,2.5,0.067,-1.4,0.7,-0.7,0.6,
83.0,Harrison Barnes,33.0,SAS,PF,69.0,52.0,1808.0,11.8,0.605,0.628,0.209,3.5,8.2,5.9,10.0,1.2,0.5,9.0,14.8,2.4,2.0,4.4,0.116,-0.1,0.1,0.0,0.9,
84.0,Devin Vassell,25.0,SAS,SG,59.0,57.0,1796.0,13.4,0.581,0.573,0.175,2.0,11.3,6.8,11.2,1.4,1.1,6.8,18.2,2.2,2.3,4.5,0.12,0.4,0.4,0.8,1.3,
85.0,Ace Bailey,19.0,UTA,SF,66.0,55.0,1795.0,11.9,0.538,0.447,0.103,5.9,10.9,8.3,9.7,1.5,2.4,10.1,21.1,0.0,0.3,0.3,0.008,-1.6,-2.5,-4.1,-0.9,
86.0,Jalen Duren,22.0,DET,C,64.0,64.0,1794.0,26.2,0.681,0.0,0.526,15.5,26.5,21.1,10.3,1.5,3.0,11.1,23.6,6.5,3.5,10.0,0.267,4.4,0.5,4.9,3.1,AS
87.0,Keyonte George,22.0,UTA,PG,54.0,54.0,1786.0,18.7,0.609,0.41,0.429,1.4,10.9,6.1,28.8,1.5,0.8,13.7,28.0,3.2,0.1,3.3,0.09,3.0,-2.1,0.9,1.3,
88.0,Davion Mitchell,27.0,MIA,PG,63.0,63.0,1783.0,11.9,0.572,0.424,0.126,1.6,8.1,4.8,29.5,1.7,0.6,16.6,13.5,2.2,1.7,3.9,0.104,-1.5,0.7,-0.8,0.6,
89.0,Josh Hart,30.0,NYK,SF,59.0,45.0,1783.0,16.3,0.608,0.4,0.212,5.4,22.6,13.9,22.5,1.9,1.0,16.0,16.9,3.0,2.7,5.7,0.154,1.2,2.1,3.3,2.4,
90.0,LeBron James,41.0,LAL,SF,53.0,53.0,1780.0,20.2,0.591,0.265,0.329,2.9,17.5,10.4,32.3,1.6,1.6,14.3,26.8,2.9,1.7,4.6,0.124,3.0,0.0,2.9,2.2,AS
91.0,LaMelo Ball,24.0,CHO,PG,64.0,61.0,1779.0,19.5,0.54,0.581,0.141,3.6,15.7,9.8,42.5,2.1,0.8,13.0,31.9,3.0,2.2,5.2,0.141,4.4,-0.1,4.2,2.8,
92.0,Deandre Ayton,27.0,LAL,C,64.0,64.0,1760.0,17.9,0.677,0.0,0.23,11.4,23.6,17.7,4.6,1.1,3.1,12.1,16.4,3.4,2.0,5.4,0.147,-0.1,-0.9,-1.0,0.5,
93.0,Andrew Nembhard,26.0,IND,PG,56.0,56.0,1749.0,15.8,0.564,0.391,0.314,1.5,8.5,4.9,37.3,1.4,0.4,13.8,23.8,2.2,0.6,2.7,0.075,1.2,-2.0,-0.9,0.5,
94.0,Maxime Raynaud,22.0,SAC,C,67.0,49.0,1744.0,15.7,0.613,0.104,0.23,8.0,23.9,15.7,7.3,0.9,1.9,11.0,18.0,2.2,0.8,3.0,0.083,-1.2,-1.6,-2.8,-0.3,
95.0,Nikola Vučević,35.0,2TM,C,60.0,49.0,1740.0,18.0,0.577,0.331,0.118,7.5,24.0,15.9,17.8,1.0,2.1,9.0,21.5,2.6,1.8,4.4,0.12,1.6,0.1,1.6,1.6,
95.0,Nikola Vučević,35.0,CHI,C,48.0,48.0,1480.0,18.2,0.585,0.33,0.112,7.3,23.4,15.5,18.7,1.0,1.8,9.1,21.5,2.3,1.3,3.6,0.117,1.9,-0.1,1.8,1.4,
95.0,Nikola Vučević,35.0,BOS,C,12.0,1.0,260.0,17.0,0.532,0.336,0.155,8.5,27.3,18.1,12.4,1.0,3.5,8.6,21.4,0.3,0.4,0.7,0.138,-0.4,1.0,0.6,0.2,
96.0,Neemias Queta,26.0,BOS,C,69.0,68.0,1739.0,19.5,0.661,0.014,0.36,12.9,23.1,18.1,8.9,1.7,5.1,12.6,14.6,4.3,3.3,7.6,0.209,0.3,1.9,2.2,1.9,
97.0,Zion Williamson,25.0,NOP,PF,58.0,51.0,1730.0,23.2,0.644,0.005,0.566,7.5,13.5,10.5,18.0,1.6,1.8,10.9,26.1,4.9,1.1,5.9,0.165,3.7,-0.6,3.2,2.3,
98.0,Jaylon Tyson,23.0,CLE,SG,64.0,40.0,1727.0,14.8,0.614,0.448,0.158,7.4,13.5,10.4,11.4,1.4,1.4,12.1,18.9,2.4,1.6,4.0,0.112,0.7,-0.5,0.2,0.9,
99.0,Marcus Smart,31.0,LAL,SG,60.0,53.0,1725.0,9.8,0.547,0.616,0.269,2.5,8.5,5.6,12.7,2.4,1.2,14.4,15.3,0.4,1.5,1.9,0.054,-2.8,0.5,-2.4,-0.2,
100.0,Victor Wembanyama,22.0,SAS,C,59.0,50.0,1725.0,28.5,0.616,0.329,0.414,7.6,33.2,20.7,16.9,1.8,9.4,11.3,31.9,3.9,4.6,8.5,0.238,5.5,4.0,9.6,5.1,AS
101.0,Sam Hauser,28.0,BOS,PF,70.0,42.0,1722.0,11.6,0.572,0.848,0.026,3.4,13.6,8.6,7.9,1.1,1.3,5.7,14.6,2.2,1.9,4.1,0.115,0.2,0.0,0.3,1.0,
102.0,Brandon Miller,23.0,CHO,SF,57.0,57.0,1721.0,16.9,0.575,0.505,0.222,4.1,14.7,9.5,18.5,1.7,2.2,13.4,28.7,1.6,2.1,3.7,0.103,1.6,-0.1,1.5,1.5,
103.0,Noah Clowney,21.0,BRK,PF,63.0,57.0,1719.0,11.2,0.555,0.626,0.353,3.3,14.8,8.8,9.7,1.4,2.2,12.2,20.2,0.1,1.1,1.2,0.032,-2.1,-1.2,-3.3,-0.6,
104.0,Keldon Johnson,26.0,SAS,SF,74.0,0.0,1715.0,17.5,0.625,0.337,0.23,7.7,17.0,12.5,8.8,1.1,0.5,7.6,20.5,3.7,2.3,6.0,0.168,1.4,-0.1,1.3,1.4,
105.0,Moussa Diabaté,24.0,CHO,C,66.0,40.0,1715.0,17.6,0.649,0.006,0.49,16.8,21.1,19.0,10.0,1.5,3.6,13.8,11.8,4.3,2.5,6.8,0.189,0.5,1.2,1.7,1.6,
106.0,Kyle Kuzma,30.0,MIL,PF,65.0,40.0,1715.0,14.1,0.581,0.349,0.28,3.6,15.7,9.7,14.7,1.2,1.5,12.7,21.6,1.0,1.0,1.9,0.054,-1.1,-1.3,-2.4,-0.2,
107.0,Rui Hachimura,27.0,LAL,PF,60.0,35.0,1710.0,11.0,0.615,0.456,0.113,2.5,10.5,6.6,4.0,0.9,1.0,6.6,14.7,1.7,0.9,2.6,0.074,-1.0,-1.5,-2.5,-0.2,
108.0,P.J. Washington,27.0,DAL,PF,55.0,52.0,1706.0,13.2,0.534,0.352,0.281,5.3,18.6,12.1,8.2,1.5,3.0,11.2,20.2,-0.3,2.0,1.7,0.048,-1.7,0.2,-1.6,0.2,
109.0,Jerami Grant,31.0,POR,PF,57.0,38.0,1695.0,15.4,0.608,0.479,0.441,3.4,9.2,6.3,11.1,1.2,1.9,12.0,23.7,2.6,1.3,3.9,0.112,1.0,-1.0,0.0,0.9,
110.0,Michael Porter Jr.,27.0,BRK,SF,52.0,52.0,1689.0,19.9,0.595,0.506,0.237,4.5,21.6,12.6,18.2,1.6,0.7,10.3,30.4,1.8,1.3,3.1,0.087,4.3,-1.2,3.0,2.1,
111.0,Ausar Thompson,23.0,DET,SF,65.0,64.0,1686.0,16.0,0.539,0.044,0.331,9.0,15.5,12.3,15.1,3.7,3.4,13.6,17.2,1.2,3.7,4.9,0.14,-0.8,3.4,2.6,2.0,
112.0,Ayo Dosunmu,26.0,2TM,SG,63.0,14.0,1685.0,16.4,0.632,0.384,0.193,2.7,10.1,6.5,19.7,1.4,0.8,10.3,20.1,3.3,1.1,4.4,0.124,1.3,-0.5,0.8,1.2,
112.0,Ayo Dosunmu,26.0,CHI,SG,45.0,10.0,1187.0,17.1,0.636,0.397,0.216,3.0,9.1,6.1,20.7,1.3,0.9,10.3,20.9,2.4,0.6,3.0,0.122,1.7,-0.9,0.8,0.8,
112.0,Ayo Dosunmu,26.0,MIN,SG,18.0,4.0,498.0,14.8,0.621,0.348,0.133,2.0,12.5,7.4,17.2,1.4,0.7,10.3,18.1,0.8,0.5,1.4,0.131,0.4,0.6,1.0,0.4,
113.0,Tristan Da Silva,24.0,ORL,SF,68.0,31.0,1682.0,12.3,0.58,0.528,0.134,3.2,13.7,8.4,8.8,1.8,1.2,8.9,16.2,1.3,1.8,3.0,0.087,-0.5,0.2,-0.3,0.7,
114.0,Draymond Green,35.0,GSW,PF,61.0,61.0,1677.0,10.1,0.535,0.625,0.166,3.2,19.5,11.2,26.4,1.6,2.0,25.5,16.4,-0.6,2.0,1.4,0.039,-2.6,0.9,-1.6,0.1,
115.0,Luguentz Dort,26.0,OKC,SF,61.0,61.0,1674.0,7.6,0.51,0.707,0.118,3.6,10.9,7.4,5.7,1.4,1.5,9.1,14.2,-0.3,2.7,2.4,0.069,-3.2,0.5,-2.6,-0.3,
116.0,Josh Giddey,23.0,CHI,PG,52.0,49.0,1673.0,18.4,0.566,0.394,0.32,4.2,23.2,13.9,41.5,1.5,1.2,19.2,24.7,1.8,1.6,3.4,0.098,2.4,0.5,2.9,2.0,
117.0,Sion James,23.0,CHO,SG,74.0,19.0,1672.0,8.1,0.543,0.625,0.297,3.0,13.7,8.5,11.1,1.3,1.1,14.4,10.7,1.1,1.6,2.7,0.078,-3.0,0.9,-2.1,-0.1,
118.0,Austin Reaves,27.0,LAL,SG,48.0,42.0,1671.0,20.7,0.644,0.43,0.483,2.2,13.4,8.0,24.1,1.5,1.1,13.5,26.5,4.3,1.3,5.6,0.162,3.7,-0.7,3.0,2.1,
119.0,John Collins,28.0,LAC,PF,61.0,51.0,1667.0,15.9,0.644,0.344,0.234,6.6,15.6,11.2,5.6,1.6,2.7,11.5,19.0,2.4,1.6,4.0,0.116,-0.1,-0.4,-0.5,0.7,
120.0,Kyle Filipowski,22.0,UTA,C,72.0,36.0,1660.0,15.8,0.589,0.345,0.347,8.5,24.7,16.5,15.3,2.0,2.1,15.1,19.6,1.6,1.2,2.8,0.08,-0.8,-0.5,-1.3,0.3,
121.0,Cam Spencer,25.0,MEM,SG,69.0,17.0,1654.0,17.0,0.642,0.586,0.238,2.5,9.3,5.8,32.2,1.5,0.6,12.9,17.1,4.4,0.8,5.2,0.15,2.8,-0.7,2.1,1.7,
122.0,Norman Powell,32.0,MIA,SG,55.0,52.0,1654.0,17.7,0.611,0.456,0.352,1.2,11.2,6.2,13.0,1.8,0.8,9.7,27.1,2.3,1.8,4.1,0.119,2.0,-0.1,1.9,1.6,AS
123.0,Oso Ighodaro,23.0,PHO,PF,74.0,20.0,1631.0,13.6,0.638,0.003,0.324,8.2,17.1,12.5,13.8,2.1,2.8,20.0,12.3,1.8,2.3,4.1,0.12,-2.3,2.2,-0.1,0.8,
124.0,Pelle Larsson,24.0,MIA,SG,63.0,48.0,1630.0,13.0,0.608,0.353,0.422,3.9,9.5,6.7,17.1,1.3,0.8,13.5,16.4,2.3,1.5,3.8,0.112,-1.1,0.2,-0.9,0.5,
125.0,Nique Clifford,23.0,SAC,SG,68.0,21.0,1624.0,8.6,0.488,0.4,0.156,4.0,13.0,8.4,12.5,1.9,1.2,14.7,16.4,-1.2,0.6,-0.6,-0.018,-4.0,-1.0,-4.9,-1.2,
126.0,Jamal Shead,23.0,TOR,PG,73.0,9.0,1621.0,10.2,0.479,0.532,0.218,1.7,7.8,4.7,30.4,2.0,0.8,16.6,15.6,0.4,1.6,2.0,0.06,-2.6,0.0,-2.6,-0.2,
127.0,Bobby Portis,30.0,MIL,PF,67.0,9.0,1619.0,17.2,0.587,0.395,0.091,6.3,23.4,14.9,10.4,1.2,0.7,7.8,23.1,1.6,1.2,2.8,0.084,1.5,-1.6,-0.1,0.8,
128.0,Tobias Harris,33.0,DET,PF,57.0,57.0,1610.0,14.6,0.565,0.342,0.232,3.5,17.0,10.3,12.4,1.5,1.5,7.9,18.8,2.2,2.5,4.7,0.139,0.3,0.7,1.1,1.3,
129.0,Brice Sensabaugh,22.0,UTA,SF,69.0,17.0,1587.0,14.2,0.584,0.518,0.227,3.7,10.7,7.2,11.5,1.5,0.6,11.0,24.6,0.9,0.1,1.0,0.029,0.1,-3.0,-3.0,-0.4,
130.0,Peyton Watson,23.0,DEN,SF,52.0,39.0,1566.0,14.4,0.597,0.336,0.331,3.5,14.4,9.2,9.5,1.6,3.5,12.2,20.5,1.0,1.5,2.5,0.078,-0.7,-0.5,-1.2,0.3,
131.0,Isaac Okoro,25.0,CHI,SG,58.0,57.0,1564.0,9.5,0.569,0.479,0.242,4.6,6.3,5.4,7.5,1.1,1.6,8.4,13.8,1.2,0.7,1.9,0.057,-3.0,-1.0,-4.0,-0.8,
132.0,Dennis Schröder,32.0,2TM,PG,63.0,16.0,1557.0,12.7,0.522,0.372,0.322,1.8,10.6,6.1,27.4,1.5,0.6,14.6,21.1,0.5,0.6,1.1,0.035,-1.0,-1.4,-2.3,-0.1,
132.0,Dennis Schröder,32.0,SAC,PG,40.0,14.0,1056.0,13.7,0.531,0.393,0.315,2.3,10.9,6.4,28.6,1.5,0.5,14.1,22.5,0.5,0.1,0.6,0.028,0.0,-1.9,-1.9,0.0,
132.0,Dennis Schröder,32.0,CLE,PG,23.0,2.0,501.0,10.6,0.498,0.314,0.34,0.9,9.9,5.4,25.0,1.7,0.8,15.7,18.2,0.1,0.4,0.5,0.049,-2.9,-0.3,-3.2,-0.1,
133.0,Kel'el Ware,21.0,MIA,C,69.0,32.0,1547.0,19.9,0.611,0.347,0.153,13.5,29.0,21.2,4.0,1.7,4.3,8.4,18.1,2.7,2.9,5.7,0.176,1.9,0.2,2.1,1.6,
134.0,Jay Huff,27.0,IND,C,74.0,44.0,1546.0,15.1,0.596,0.622,0.173,4.5,15.8,10.0,9.7,1.2,7.5,9.9,17.8,1.2,1.6,2.8,0.087,-0.9,1.1,0.3,0.9,
135.0,Sandro Mamukelashvili,26.0,TOR,C,71.0,13.0,1546.0,17.9,0.63,0.467,0.25,7.0,18.4,12.7,12.4,1.8,2.4,8.4,18.7,3.1,2.2,5.3,0.164,1.9,0.6,2.5,1.8,
136.0,Tre Jones,26.0,CHI,PG,57.0,33.0,1542.0,18.0,0.628,0.215,0.37,2.3,9.9,6.2,29.3,2.2,0.6,11.9,18.5,3.8,1.1,4.9,0.152,0.7,0.4,1.1,1.2,
137.0,Moses Moody,23.0,GSW,SG,60.0,49.0,1540.0,13.5,0.6,0.677,0.203,3.6,10.9,7.2,9.2,1.8,2.0,8.6,18.2,1.7,1.5,3.2,0.099,0.2,-0.3,-0.1,0.7,
138.0,Precious Achiuwa,26.0,SAC,C,66.0,50.0,1534.0,16.3,0.568,0.164,0.21,10.5,21.0,15.6,8.1,1.9,2.7,8.5,16.7,1.8,1.1,2.8,0.089,-0.4,-0.8,-1.2,0.3,
139.0,Dillon Brooks,30.0,PHO,SF,50.0,50.0,1530.0,14.7,0.547,0.392,0.216,2.7,10.8,6.6,9.6,1.7,0.5,8.5,29.0,0.7,1.4,2.1,0.066,-0.7,-1.3,-2.0,0.0,
140.0,Isaiah Collier,21.0,UTA,PG,59.0,19.0,1517.0,14.9,0.567,0.194,0.406,1.5,9.4,5.4,39.7,2.1,1.3,19.6,20.5,1.4,0.3,1.7,0.054,-0.6,-1.9,-2.5,-0.2,
141.0,Dominick Barlow,22.0,PHI,PF,63.0,56.0,1513.0,13.3,0.597,0.215,0.329,8.6,13.1,10.8,7.3,1.8,2.7,11.0,13.2,2.0,1.4,3.4,0.109,-1.4,0.2,-1.2,0.3,
142.0,Herbert Jones,27.0,NOP,SF,52.0,52.0,1511.0,9.4,0.491,0.538,0.128,3.3,9.6,6.4,13.0,2.8,1.7,12.1,15.0,-0.3,1.2,0.9,0.029,-3.6,0.8,-2.8,-0.3,
143.0,Jock Landale,30.0,2TM,C,67.0,27.0,1491.0,16.6,0.593,0.351,0.228,13.1,14.9,14.0,11.1,1.1,2.2,9.0,18.3,2.7,1.2,3.9,0.126,0.9,-1.0,-0.1,0.7,
143.0,Jock Landale,30.0,MEM,C,45.0,25.0,1060.0,16.9,0.594,0.332,0.229,14.2,15.6,14.9,10.5,1.1,1.9,9.7,18.6,1.9,0.7,2.7,0.121,1.0,-1.2,-0.2,0.5,
143.0,Jock Landale,30.0,ATL,C,22.0,2.0,431.0,16.1,0.59,0.4,0.226,10.4,13.3,11.8,12.6,1.1,3.0,7.1,17.8,0.8,0.4,1.2,0.139,0.5,-0.5,0.0,0.2,
144.0,Cameron Johnson,29.0,DEN,SF,49.0,49.0,1487.0,12.1,0.619,0.541,0.245,2.9,10.4,6.8,10.1,1.1,1.1,8.2,15.0,2.2,0.8,3.0,0.098,-0.2,-1.0,-1.2,0.3,
145.0,Terance Mann,29.0,BRK,SG,61.0,49.0,1484.0,10.2,0.557,0.411,0.217,5.1,10.6,7.7,18.8,1.3,0.9,14.3,13.5,1.2,0.6,1.8,0.058,-2.7,-0.7,-3.4,-0.5,
146.0,Cedric Coward,22.0,MEM,SG,57.0,42.0,1479.0,15.1,0.58,0.423,0.247,5.8,19.8,12.7,16.2,1.2,1.4,13.1,21.4,1.2,1.2,2.4,0.078,0.2,-0.5,-0.2,0.7,
147.0,RJ Barrett,25.0,TOR,SF,49.0,49.0,1473.0,16.9,0.585,0.357,0.33,3.5,16.6,10.0,17.1,1.2,1.0,9.5,25.4,1.7,1.6,3.3,0.109,1.2,-0.7,0.5,0.9,
148.0,Luke Kennard,29.0,2TM,SG,70.0,1.0,1467.0,13.1,0.707,0.595,0.141,2.1,9.6,5.9,12.3,1.5,0.5,11.4,13.0,2.8,1.1,3.9,0.126,0.1,0.0,0.1,0.8,
148.0,Luke Kennard,29.0,ATL,SG,46.0,0.0,944.0,13.5,0.713,0.621,0.146,2.2,9.3,5.7,13.3,1.7,0.5,11.1,12.7,1.8,0.8,2.7,0.136,0.2,0.3,0.5,0.6,
148.0,Luke Kennard,29.0,LAL,SG,24.0,1.0,523.0,12.4,0.696,0.548,0.133,2.1,10.0,6.2,10.4,1.1,0.5,11.7,13.5,0.9,0.3,1.2,0.109,-0.1,-0.5,-0.6,0.2,
149.0,Jaren Jackson Jr.,26.0,2TM,C,48.0,48.0,1454.0,15.8,0.576,0.327,0.282,3.1,17.3,10.1,10.4,1.7,4.4,11.7,26.1,0.2,1.5,1.7,0.055,-1.0,0.5,-0.5,0.5,
149.0,Jaren Jackson Jr.,26.0,MEM,C,45.0,45.0,1382.0,15.4,0.574,0.328,0.279,3.2,17.3,10.1,9.8,1.6,4.6,11.7,25.6,0.1,1.4,1.5,0.054,-1.2,0.4,-0.8,0.4,
149.0,Jaren Jackson Jr.,26.0,UTA,C,3.0,3.0,72.0,23.4,0.598,0.306,0.327,1.5,18.4,9.8,20.7,3.9,1.4,11.1,36.1,0.1,0.1,0.1,0.084,2.4,2.1,4.5,0.1,
150.0,Ivica Zubac,28.0,2TM,C,48.0,47.0,1446.0,18.7,0.622,0.0,0.295,13.3,27.1,20.4,11.4,0.6,2.6,13.6,19.3,2.7,1.6,4.2,0.14,0.7,-1.0,-0.3,0.6,
150.0,Ivica Zubac,28.0,LAC,C,43.0,42.0,1328.0,18.9,0.635,0.0,0.308,13.4,27.7,20.7,11.3,0.6,2.6,14.4,19.0,2.6,1.5,4.1,0.147,0.9,-0.8,0.1,0.7,
150.0,Ivica Zubac,28.0,IND,C,5.0,5.0,118.0,16.4,0.505,0.0,0.189,12.6,20.9,16.6,12.1,0.8,2.9,6.5,22.1,0.1,0.1,0.2,0.063,-1.9,-3.0,-4.8,-0.1,
151.0,Lauri Markkanen,28.0,UTA,PF,42.0,42.0,1443.0,21.3,0.608,0.402,0.333,6.2,15.7,10.9,10.2,1.4,1.4,6.4,28.2,3.3,0.3,3.6,0.12,4.7,-2.1,2.6,1.6,
152.0,Jordan Goodwin,27.0,PHO,PG,64.0,7.0,1440.0,14.4,0.515,0.534,0.099,9.6,15.0,12.2,13.5,3.3,0.8,10.3,17.7,1.2,2.1,3.3,0.111,0.0,1.3,1.3,1.2,
153.0,Shaedon Sharpe,22.0,POR,SG,48.0,42.0,1439.0,15.4,0.55,0.351,0.229,3.5,12.5,7.9,15.1,2.2,0.4,13.4,30.3,-0.3,1.5,1.2,0.041,-0.3,-1.0,-1.3,0.3,
154.0,Bennedict Mathurin,23.0,2TM,SF,46.0,25.0,1428.0,14.9,0.577,0.363,0.484,3.7,16.6,10.1,11.5,1.2,0.8,11.9,25.5,0.9,0.9,1.9,0.062,-1.0,-1.5,-2.5,-0.2,
154.0,Bennedict Mathurin,23.0,IND,SF,28.0,24.0,891.0,12.8,0.589,0.436,0.408,2.6,16.2,9.2,10.6,0.9,0.4,13.2,23.2,0.3,0.4,0.7,0.037,-1.1,-1.8,-2.9,-0.2,
154.0,Bennedict Mathurin,23.0,LAC,SF,18.0,1.0,537.0,18.3,0.561,0.261,0.593,5.4,17.3,11.5,12.9,1.8,1.4,10.1,29.3,0.6,0.5,1.2,0.104,-0.7,-1.1,-1.8,0.0,
155.0,Jarrett Allen,27.0,CLE,C,52.0,52.0,1423.0,22.1,0.672,0.02,0.47,10.4,23.7,17.0,10.1,1.7,3.0,10.4,19.5,4.0,2.1,6.1,0.206,2.2,0.5,2.7,1.7,
156.0,Brook Lopez,37.0,LAC,C,67.0,32.0,1416.0,12.0,0.552,0.6,0.127,2.9,14.9,9.0,8.5,1.4,5.1,9.9,17.0,0.4,1.5,1.9,0.064,-1.4,0.5,-1.0,0.4,
157.0,Isaiah Joe,26.0,OKC,SG,65.0,9.0,1415.0,14.8,0.64,0.779,0.233,2.5,10.4,6.6,8.8,1.6,0.8,6.7,18.1,2.7,2.2,5.0,0.169,1.4,0.4,1.9,1.4,
158.0,Zaccharie Risacher,20.0,ATL,SF,61.0,45.0,1412.0,11.8,0.557,0.482,0.169,4.8,13.4,9.1,6.8,1.8,2.1,9.0,17.7,0.4,1.6,2.0,0.069,-2.2,-0.4,-2.7,-0.2,
159.0,Spencer Jones,24.0,DEN,SF,63.0,37.0,1411.0,9.3,0.619,0.55,0.195,6.3,10.2,8.3,4.5,1.8,1.8,9.5,9.7,1.5,1.1,2.6,0.088,-2.5,-0.1,-2.5,-0.2,
160.0,Klay Thompson,35.0,DAL,SF,64.0,8.0,1398.0,11.5,0.545,0.723,0.064,1.3,9.0,5.2,9.2,1.1,1.2,7.9,22.5,-0.2,0.9,0.7,0.022,0.2,-1.5,-1.2,0.3,
161.0,Ron Holland,20.0,DET,SF,70.0,5.0,1396.0,11.9,0.527,0.361,0.293,6.4,16.7,11.6,8.5,2.8,1.6,14.3,19.0,-0.1,2.6,2.6,0.088,-3.2,1.3,-1.9,0.0,
162.0,Kyshawn George,22.0,WAS,SF,48.0,48.0,1391.0,13.9,0.559,0.451,0.227,3.3,15.7,9.4,22.5,1.6,2.7,16.5,22.8,0.2,0.6,0.8,0.027,-0.5,-0.6,-1.2,0.3,
163.0,Vít Krejčí,25.0,2TM,PG,64.0,8.0,1387.0,11.2,0.611,0.768,0.12,2.4,9.3,5.8,9.7,1.6,1.2,8.4,14.6,1.5,1.2,2.8,0.097,-1.5,-0.1,-1.6,0.1,
163.0,Vít Krejčí,25.0,ATL,PG,46.0,8.0,1028.0,11.3,0.639,0.776,0.117,2.0,8.4,5.1,8.7,1.7,1.2,8.5,14.4,1.2,0.9,2.1,0.1,-1.3,-0.1,-1.4,0.2,
163.0,Vít Krejčí,25.0,POR,PG,18.0,0.0,359.0,10.7,0.538,0.746,0.127,3.6,11.9,7.7,12.5,1.3,1.2,8.1,15.3,0.3,0.3,0.6,0.087,-2.0,-0.2,-2.3,0.0,
164.0,Collin Sexton,27.0,2TM,SG,60.0,16.0,1381.0,17.5,0.623,0.389,0.373,2.3,7.3,4.8,22.7,2.1,0.6,14.5,25.8,2.5,1.2,3.6,0.126,1.4,-0.5,0.9,1.0,
164.0,Collin Sexton,27.0,CHO,SG,42.0,12.0,938.0,17.6,0.619,0.35,0.372,2.2,7.3,4.8,26.4,1.9,0.7,15.6,25.7,1.9,0.9,2.7,0.14,1.6,-0.4,1.2,0.7,
164.0,Collin Sexton,27.0,CHI,SG,18.0,4.0,443.0,17.4,0.631,0.466,0.375,2.4,7.3,4.9,14.9,2.4,0.4,12.3,26.1,0.6,0.3,0.9,0.098,0.9,-0.5,0.4,0.3,
165.0,Sidy Cissoko,21.0,POR,SF,68.0,26.0,1378.0,7.2,0.519,0.591,0.258,4.5,8.0,6.2,10.0,1.7,1.6,15.8,12.6,0.1,1.2,1.2,0.043,-4.5,0.4,-4.1,-0.7,
166.0,Cody Williams,21.0,UTA,SG,60.0,34.0,1375.0,9.4,0.534,0.271,0.221,4.1,9.0,6.5,9.8,1.5,1.9,11.8,15.0,0.1,0.1,0.2,0.007,-3.6,-1.9,-5.4,-1.2,
167.0,Kevin Huerter,27.0,2TM,SG,62.0,12.0,1374.0,13.1,0.55,0.54,0.121,2.6,14.1,8.4,15.4,1.8,2.1,9.9,18.8,0.7,1.4,2.1,0.073,-1.3,0.4,-0.9,0.4,
167.0,Kevin Huerter,27.0,CHI,SF,44.0,11.0,1037.0,13.2,0.559,0.552,0.139,2.4,14.8,8.7,16.0,1.6,2.2,10.3,19.3,0.5,0.9,1.3,0.062,-1.1,0.1,-1.0,0.3,
167.0,Kevin Huerter,27.0,DET,SG,18.0,1.0,337.0,12.8,0.521,0.5,0.063,3.0,12.0,7.6,13.8,2.6,1.8,8.5,17.4,0.2,0.6,0.8,0.107,-1.9,1.3,-0.6,0.1,
168.0,Anfernee Simons,26.0,2TM,SG,55.0,5.0,1372.0,14.5,0.576,0.585,0.119,2.5,8.1,5.4,14.7,1.0,0.6,9.1,23.6,1.8,1.1,2.9,0.101,1.2,-1.4,-0.2,0.7,
168.0,Anfernee Simons,26.0,BOS,SG,49.0,0.0,1202.0,15.1,0.579,0.579,0.127,2.4,8.2,5.4,14.6,1.1,0.5,8.4,23.6,1.9,1.1,2.9,0.118,1.5,-1.0,0.5,0.8,
168.0,Anfernee Simons,26.0,CHI,SG,6.0,5.0,170.0,10.2,0.554,0.625,0.063,3.2,7.4,5.3,15.8,0.0,1.0,13.7,23.4,-0.1,0.0,0.0,-0.014,-1.2,-3.8,-5.0,-0.1,
169.0,Tre Johnson,19.0,WAS,SG,57.0,39.0,1370.0,10.9,0.541,0.499,0.142,2.2,10.2,6.1,12.1,1.1,1.1,11.8,22.5,-0.4,0.0,-0.4,-0.015,-1.8,-2.8,-4.6,-0.9,
170.0,Dylan Harper,19.0,SAS,SG,61.0,2.0,1361.0,16.0,0.567,0.281,0.192,3.5,12.5,8.1,25.1,1.7,1.3,12.0,21.9,1.7,1.9,3.6,0.127,0.2,1.1,1.2,1.1,
171.0,Brandon Williams,26.0,DAL,PG,62.0,15.0,1359.0,16.6,0.569,0.254,0.477,2.3,11.5,7.0,26.1,1.9,1.2,14.2,25.0,1.0,1.3,2.3,0.082,0.1,0.3,0.3,0.8,
172.0,Kelly Oubre Jr.,30.0,PHI,SF,42.0,36.0,1357.0,13.0,0.582,0.449,0.302,3.3,13.3,8.2,7.5,2.0,1.5,10.3,18.2,1.0,1.3,2.3,0.081,-1.1,-0.4,-1.5,0.1,
173.0,Grayson Allen,30.0,PHO,SG,46.0,26.0,1356.0,16.8,0.572,0.683,0.238,2.5,9.0,5.6,21.0,2.3,0.8,9.6,24.1,2.4,1.4,3.8,0.134,2.4,0.1,2.5,1.5,
174.0,Bilal Coulibaly,21.0,WAS,SG,51.0,51.0,1353.0,13.3,0.533,0.395,0.335,3.3,14.6,8.9,13.9,2.5,3.1,12.0,19.3,0.2,0.8,1.0,0.037,-1.9,-0.1,-2.1,0.0,
175.0,Will Riley,19.0,WAS,SF,65.0,13.0,1336.0,11.9,0.553,0.405,0.301,4.1,10.0,7.0,12.5,1.4,0.4,12.2,19.5,0.5,0.0,0.5,0.018,-1.7,-2.6,-4.3,-0.8,
176.0,Jrue Holiday,35.0,POR,PG,46.0,44.0,1335.0,16.6,0.573,0.495,0.148,4.9,11.9,8.4,33.3,1.8,0.3,16.7,23.3,1.8,1.2,3.0,0.107,2.4,-0.6,1.8,1.3,
177.0,Aaron Nesmith,26.0,IND,SF,45.0,42.0,1335.0,10.9,0.554,0.541,0.217,3.8,11.7,7.6,9.4,0.9,1.5,10.1,19.8,0.2,0.5,0.7,0.025,-1.8,-1.7,-3.5,-0.5,
178.0,Ajay Mitchell,23.0,OKC,SG,51.0,14.0,1332.0,17.2,0.589,0.295,0.272,3.0,10.9,7.1,20.1,2.4,1.3,11.3,22.3,1.9,2.4,4.4,0.157,0.4,1.5,1.9,1.3,
179.0,Tari Eason,24.0,HOU,PF,51.0,32.0,1326.0,12.5,0.506,0.445,0.113,9.0,17.9,13.5,8.2,2.3,1.8,12.5,18.8,0.2,2.0,2.2,0.08,-2.0,0.2,-1.8,0.1,
180.0,Ryan Kalkbrenner,24.0,CHO,C,61.0,30.0,1325.0,17.9,0.756,0.019,0.403,13.0,15.8,14.5,5.0,1.1,6.2,15.5,11.9,3.1,1.8,5.0,0.181,0.4,1.2,1.7,1.2,
181.0,Mark Williams,24.0,PHO,C,56.0,52.0,1322.0,21.7,0.67,0.002,0.396,14.1,24.1,19.0,6.5,1.9,3.6,10.9,17.4,3.7,2.1,5.8,0.212,1.4,0.4,1.8,1.3,
182.0,Ben Sheppard,24.0,IND,SG,62.0,19.0,1321.0,9.7,0.561,0.608,0.134,3.5,12.3,7.8,11.1,1.3,0.3,9.2,13.7,0.8,0.6,1.3,0.048,-2.4,-0.7,-3.1,-0.4,
183.0,Egor Dёmin,19.0,BRK,PG,52.0,45.0,1308.0,11.3,0.561,0.717,0.145,1.8,13.5,7.3,20.6,1.6,1.2,15.3,18.7,0.2,0.7,0.9,0.034,-0.8,-0.7,-1.6,0.1,
184.0,Javonte Green,32.0,DET,SG,74.0,5.0,1307.0,13.6,0.597,0.583,0.301,4.8,12.2,8.6,5.1,3.4,1.7,9.3,14.7,1.6,2.4,4.0,0.148,-0.7,2.3,1.6,1.2,
185.0,Will Richard,23.0,GSW,SG,64.0,20.0,1306.0,11.5,0.61,0.607,0.161,5.3,8.5,6.9,9.3,2.9,0.6,12.8,13.4,1.2,1.4,2.6,0.097,-2.3,0.9,-1.4,0.2,
186.0,Luke Kornet,30.0,SAS,C,62.0,23.0,1306.0,17.9,0.683,0.0,0.426,14.5,16.9,15.8,11.0,1.0,4.4,8.4,10.4,4.1,2.1,6.3,0.23,1.5,2.0,3.5,1.8,
187.0,Alex Sarr,20.0,WAS,C,48.0,48.0,1305.0,19.4,0.544,0.229,0.223,8.5,20.7,14.5,16.0,1.4,6.4,10.2,25.7,0.8,1.0,1.7,0.064,0.9,-0.1,0.7,0.9,
188.0,Keon Ellis,26.0,2TM,SG,65.0,8.0,1304.0,10.7,0.578,0.673,0.189,2.8,7.1,4.9,6.0,2.8,3.1,9.3,12.9,0.7,1.1,1.9,0.068,-1.7,1.5,-0.2,0.6,
188.0,Keon Ellis,26.0,SAC,SG,43.0,5.0,758.0,9.1,0.536,0.689,0.153,2.1,6.1,4.0,4.6,2.9,2.6,8.6,13.7,0.0,0.4,0.4,0.023,-2.8,0.8,-2.0,0.0,
188.0,Keon Ellis,26.0,CLE,SG,22.0,3.0,546.0,12.9,0.647,0.645,0.25,3.6,8.6,6.1,8.0,2.7,3.8,10.4,11.8,0.8,0.7,1.5,0.13,-0.2,2.5,2.3,0.6,
189.0,Jalen Suggs,24.0,ORL,PG,48.0,47.0,1302.0,16.0,0.559,0.543,0.198,2.6,13.1,7.8,28.9,3.2,2.5,17.2,23.2,0.3,2.0,2.3,0.085,0.7,1.8,2.5,1.5,
190.0,Malik Monk,27.0,SAC,SG,58.0,3.0,1300.0,14.0,0.561,0.493,0.17,1.2,8.6,4.8,20.7,1.3,1.5,11.2,24.0,0.7,0.1,0.8,0.031,0.6,-2.2,-1.6,0.1,
191.0,Aaron Wiggins,27.0,OKC,SG,58.0,19.0,1300.0,11.9,0.54,0.499,0.142,3.4,12.0,7.9,10.4,2.0,2.0,12.7,20.0,-0.4,2.4,2.0,0.073,-1.5,0.7,-0.9,0.4,
192.0,Khris Middleton,34.0,2TM,SF,55.0,44.0,1296.0,11.7,0.539,0.339,0.258,4.0,13.1,8.6,17.8,1.5,0.6,14.7,20.6,0.1,0.5,0.6,0.022,-2.4,-1.4,-3.8,-0.6,
192.0,Khris Middleton,34.0,WAS,SF,34.0,34.0,827.0,11.5,0.531,0.33,0.23,3.8,13.6,8.6,18.9,1.5,1.0,14.7,19.6,0.1,0.2,0.2,0.013,-2.6,-1.4,-4.0,-0.4,
192.0,Khris Middleton,34.0,DAL,SF,21.0,10.0,469.0,12.1,0.551,0.354,0.302,4.4,12.3,8.4,15.9,1.4,0.0,14.7,22.5,0.0,0.4,0.4,0.038,-2.1,-1.3,-3.4,-0.2,
193.0,Gary Trent Jr.,27.0,MIL,SG,61.0,18.0,1291.0,7.8,0.529,0.724,0.105,0.7,4.7,2.7,7.8,1.2,0.2,6.9,16.4,-0.1,0.1,0.0,0.0,-3.2,-2.1,-5.4,-1.1,
194.0,Walter Clayton,22.0,2TM,PG,64.0,4.0,1286.0,9.7,0.507,0.535,0.264,1.6,9.4,5.4,25.9,1.6,1.3,18.1,18.3,-0.3,0.3,0.1,0.002,-2.8,-1.8,-4.6,-0.8,
194.0,Walter Clayton,22.0,UTA,PG,45.0,0.0,811.0,10.5,0.54,0.559,0.242,2.0,10.0,5.9,23.7,1.4,1.5,16.8,17.3,0.3,0.0,0.3,0.02,-1.8,-1.4,-3.2,-0.2,
194.0,Walter Clayton,22.0,MEM,PG,19.0,4.0,475.0,8.4,0.456,0.497,0.298,0.9,8.5,4.7,29.7,1.9,1.2,20.2,19.9,-0.6,0.3,-0.3,-0.028,-4.4,-2.5,-6.8,-0.6,
195.0,Dean Wade,29.0,CLE,PF,57.0,36.0,1279.0,10.8,0.571,0.703,0.139,4.4,16.2,10.3,8.4,1.6,1.6,5.2,10.0,1.6,1.4,3.0,0.112,-0.9,1.0,0.1,0.7,
196.0,Isaiah Stewart,24.0,DET,C,55.0,13.0,1273.0,15.1,0.626,0.303,0.324,8.2,16.3,12.3,7.1,0.6,7.0,12.5,16.4,1.9,2.1,3.9,0.149,-1.1,1.1,0.1,0.7,
197.0,Sam Merrill,29.0,CLE,SG,48.0,36.0,1266.0,13.9,0.659,0.78,0.144,2.3,8.5,5.4,12.1,1.0,0.5,7.8,17.0,2.7,0.8,3.5,0.133,1.5,-1.0,0.5,0.8,
198.0,Patrick Williams,24.0,CHI,PF,64.0,4.0,1261.0,8.2,0.501,0.565,0.15,4.0,11.3,7.7,8.7,1.5,1.4,12.5,16.5,-0.8,0.8,0.0,0.0,-3.2,-1.2,-4.4,-0.8,
199.0,Kevin Porter Jr.,25.0,MIL,PG,38.0,36.0,1261.0,18.8,0.567,0.278,0.304,3.1,14.5,8.9,33.8,3.2,1.5,15.9,24.3,1.5,1.3,2.8,0.106,0.8,1.2,2.0,1.3,
200.0,Gui Santos,23.0,GSW,PF,63.0,26.0,1256.0,14.5,0.621,0.495,0.261,5.9,15.3,10.5,16.6,2.1,1.6,16.7,18.3,1.3,1.4,2.7,0.103,-0.5,0.5,0.0,0.6,
201.0,Ryan Dunn,23.0,PHO,SF,64.0,14.0,1252.0,11.7,0.53,0.471,0.124,7.9,16.3,12.0,10.1,2.2,2.1,12.5,13.9,0.7,1.7,2.4,0.091,-2.0,1.1,-1.0,0.3,
202.0,Jose Alvarado,27.0,2TM,PG,63.0,1.0,1246.0,11.7,0.539,0.662,0.096,1.9,11.5,6.6,22.7,2.3,0.5,14.0,16.2,0.9,1.0,1.9,0.073,-1.6,0.2,-1.5,0.2,
202.0,Jose Alvarado,27.0,NOP,PG,41.0,0.0,896.0,11.2,0.558,0.689,0.086,1.9,12.0,6.9,19.3,2.0,0.4,13.9,15.7,0.6,0.5,1.1,0.057,-1.5,-0.5,-2.0,0.0,
202.0,Jose Alvarado,27.0,NYK,PG,22.0,1.0,350.0,13.0,0.495,0.595,0.121,1.9,10.2,6.0,31.2,3.1,0.6,14.1,17.3,0.3,0.5,0.8,0.115,-1.9,1.9,0.0,0.2,
203.0,Nicolas Batum,37.0,LAC,PF,68.0,6.0,1239.0,8.4,0.6,0.956,0.048,2.1,14.2,8.3,6.3,1.9,1.7,13.4,9.6,0.5,1.2,1.7,0.064,-1.7,0.7,-1.0,0.3,
204.0,Ziaire Williams,24.0,BRK,SF,54.0,12.0,1236.0,12.7,0.588,0.596,0.324,2.7,10.0,6.2,7.3,3.0,1.5,10.8,18.6,0.7,1.0,1.7,0.067,-1.9,0.5,-1.4,0.2,
205.0,Christian Braun,24.0,DEN,SG,39.0,39.0,1230.0,12.3,0.599,0.359,0.276,5.4,11.4,8.5,12.0,1.0,0.8,10.0,14.8,1.8,0.7,2.5,0.096,-0.6,-0.9,-1.5,0.2,
206.0,Josh Okogie,27.0,HOU,SG,69.0,29.0,1224.0,9.8,0.553,0.556,0.229,6.4,9.6,8.0,5.9,2.4,1.0,11.2,11.3,1.0,1.4,2.4,0.093,-2.5,1.1,-1.4,0.2,
207.0,Kobe Sanders,23.0,LAC,SG,60.0,16.0,1224.0,9.2,0.584,0.5,0.156,2.6,10.6,6.8,11.5,1.6,0.6,17.1,15.9,0.1,0.8,1.0,0.037,-3.0,-0.5,-3.5,-0.5,
208.0,Zach LaVine,30.0,SAC,SG,39.0,37.0,1224.0,14.7,0.614,0.464,0.26,0.7,9.4,4.9,11.2,1.1,0.7,10.8,23.8,1.2,0.0,1.2,0.049,0.6,-2.2,-1.6,0.1,
209.0,Daniss Jenkins,24.0,DET,PG,64.0,14.0,1223.0,13.2,0.522,0.353,0.261,3.8,8.4,6.1,25.0,2.3,1.0,15.0,21.3,0.6,1.7,2.3,0.092,-1.1,0.2,-0.9,0.3,
210.0,Ja'Kobe Walter,21.0,TOR,SG,63.0,13.0,1222.0,11.7,0.605,0.654,0.229,4.2,9.6,6.9,7.6,2.4,0.9,7.9,14.3,1.5,1.4,2.9,0.115,-1.6,0.9,-0.7,0.4,
211.0,Stephen Curry,37.0,GSW,PG,39.0,39.0,1222.0,22.7,0.636,0.602,0.274,1.4,11.3,6.3,27.3,1.7,1.2,11.7,32.7,2.8,1.1,3.9,0.153,6.3,-1.0,5.4,2.3,AS
212.0,Baylor Scheierman,25.0,BOS,SG,68.0,18.0,1215.0,11.2,0.606,0.73,0.067,4.7,16.8,10.9,10.0,1.5,0.4,11.9,11.1,1.6,1.6,3.1,0.124,-1.1,1.4,0.4,0.7,
213.0,Justin Champagnie,24.0,WAS,SF,62.0,17.0,1206.0,17.2,0.595,0.36,0.237,11.3,18.8,15.0,8.5,2.0,2.8,8.7,16.3,2.1,0.8,2.9,0.115,0.6,-0.9,-0.2,0.5,
214.0,Santi Aldama,25.0,MEM,PF,43.0,11.0,1198.0,16.4,0.572,0.42,0.239,6.0,20.1,13.0,15.6,1.5,2.4,9.5,20.1,1.3,1.1,2.5,0.099,1.3,0.5,1.7,1.1,
215.0,Danny Wolf,21.0,BRK,PF,57.0,15.0,1187.0,12.3,0.521,0.48,0.248,5.3,23.1,13.8,17.0,1.3,2.5,13.0,20.6,-0.1,1.0,0.9,0.035,-2.2,-0.3,-2.5,-0.2,
216.0,Yves Missi,21.0,NOP,C,62.0,11.0,1186.0,15.0,0.55,0.004,0.322,15.4,16.8,16.1,8.8,0.8,7.4,14.0,12.6,1.4,1.0,2.4,0.099,-1.5,-0.3,-1.7,0.1,
217.0,Jimmy Butler,36.0,GSW,SF,38.0,38.0,1182.0,23.5,0.646,0.184,0.621,8.1,11.8,9.9,24.2,2.2,0.6,9.3,23.2,4.7,1.2,5.8,0.237,5.0,0.5,5.5,2.3,
218.0,Jaylin Williams,23.0,OKC,PF,59.0,11.0,1180.0,14.2,0.603,0.725,0.263,3.0,25.9,14.9,15.9,1.2,3.3,14.6,15.8,1.3,2.6,3.9,0.158,0.1,2.6,2.7,1.4,
219.0,De'Andre Hunter,28.0,2TM,SF,45.0,25.0,1176.0,11.5,0.545,0.491,0.285,2.8,14.5,8.6,10.7,1.2,0.5,11.7,22.9,0.1,1.0,1.1,0.045,-2.5,-1.5,-4.0,-0.6,
219.0,De'Andre Hunter,28.0,CLE,SF,43.0,23.0,1125.0,12.1,0.553,0.492,0.284,2.8,14.9,8.9,11.1,1.3,0.5,11.6,22.9,0.3,1.0,1.3,0.057,-2.1,-1.3,-3.4,-0.4,
219.0,De'Andre Hunter,28.0,SAC,SF,2.0,2.0,51.0,-3.4,0.347,0.474,0.316,2.1,4.5,3.3,2.5,0.0,0.0,15.6,21.4,-0.2,0.0,-0.2,-0.227,-11.0,-5.6,-16.6,-0.2,
220.0,Kris Murray,25.0,POR,SF,50.0,15.0,1166.0,9.5,0.543,0.435,0.195,7.2,9.7,8.4,7.4,1.9,1.5,13.0,10.7,0.7,1.1,1.8,0.074,-2.4,0.7,-1.7,0.1,
221.0,Jordan Clarkson,33.0,NYK,SG,64.0,1.0,1162.0,11.6,0.553,0.432,0.18,4.9,5.5,5.2,10.7,1.1,0.8,10.2,21.3,0.8,1.0,1.8,0.072,-1.8,-1.5,-3.3,-0.4,
222.0,Day'Ron Sharpe,24.0,BRK,C,62.0,7.0,1160.0,20.6,0.638,0.11,0.427,16.3,25.6,20.7,21.1,2.9,2.1,20.0,19.8,2.0,1.5,3.5,0.145,0.5,1.0,1.4,1.0,
223.0,Quinten Post,25.0,GSW,PF,66.0,35.0,1155.0,13.0,0.561,0.632,0.098,6.3,19.6,12.8,11.9,1.1,2.7,10.9,18.8,0.7,1.3,2.0,0.082,-1.0,-0.1,-1.1,0.3,
224.0,Derrick Jones Jr.,28.0,LAC,SF,42.0,37.0,1154.0,13.8,0.61,0.415,0.258,5.0,8.8,7.0,7.6,1.8,3.5,8.5,15.4,1.6,1.0,2.6,0.107,-0.2,0.0,-0.2,0.5,
225.0,Svi Mykhailiuk,28.0,UTA,SF,49.0,41.0,1132.0,11.5,0.631,0.653,0.081,3.3,8.3,5.8,11.2,1.0,0.3,9.8,14.5,1.4,-0.2,1.2,0.052,0.3,-1.9,-1.6,0.1,
226.0,Darius Garland,26.0,2TM,PG,38.0,36.0,1131.0,17.9,0.597,0.459,0.188,1.7,7.2,4.4,36.0,1.4,0.4,15.4,27.3,1.9,0.7,2.6,0.109,2.8,-2.5,0.3,0.6,
226.0,Darius Garland,26.0,CLE,PG,26.0,26.0,792.0,15.6,0.567,0.435,0.21,1.7,7.1,4.4,33.3,1.3,0.4,15.1,25.7,0.9,0.5,1.4,0.085,0.9,-2.5,-1.6,0.1,
226.0,Darius Garland,26.0,LAC,PG,12.0,10.0,339.0,23.4,0.659,0.508,0.144,1.8,7.3,4.6,42.4,1.8,0.6,16.0,31.0,1.0,0.2,1.2,0.165,7.1,-2.4,4.7,0.6,
227.0,Dru Smith,28.0,MIA,SG,67.0,1.0,1122.0,14.6,0.534,0.395,0.317,5.6,10.3,7.9,20.2,4.0,1.7,13.1,15.2,1.1,1.9,3.1,0.131,-1.4,3.7,2.3,1.2,
228.0,Coby White,25.0,2TM,SG,43.0,26.0,1122.0,16.1,0.593,0.514,0.379,1.5,13.2,7.4,25.2,1.1,0.4,14.8,28.3,1.1,0.7,1.8,0.075,0.4,-1.8,-1.4,0.2,
228.0,Coby White,25.0,CHI,SG,29.0,26.0,843.0,14.3,0.586,0.529,0.392,0.9,12.6,6.8,23.9,1.1,0.2,16.0,27.2,0.3,0.4,0.7,0.04,-1.0,-2.3,-3.3,-0.3,
228.0,Coby White,25.0,CHO,SG,14.0,0.0,279.0,21.6,0.611,0.478,0.346,3.3,15.1,9.3,28.8,0.9,1.0,11.6,31.3,0.8,0.3,1.1,0.182,4.7,-0.4,4.2,0.4,
229.0,Jaxson Hayes,25.0,LAL,C,62.0,9.0,1120.0,17.9,0.745,0.008,0.553,10.1,16.5,13.4,6.9,1.2,4.2,8.4,12.5,3.4,1.1,4.5,0.193,0.5,0.4,0.9,0.8,
230.0,Drake Powell,20.0,BRK,SG,56.0,18.0,1119.0,7.3,0.535,0.519,0.223,1.9,8.1,4.8,10.8,1.2,0.8,14.5,14.5,-0.3,0.3,0.1,0.003,-4.5,-1.4,-5.9,-1.1,
231.0,Jordan Miller,26.0,LAC,SF,52.0,1.0,1119.0,15.7,0.616,0.262,0.456,5.2,11.2,8.3,14.6,1.7,0.8,11.9,18.4,2.0,0.8,2.8,0.118,0.4,-0.6,-0.2,0.5,
232.0,Daniel Gafford,27.0,DAL,C,51.0,40.0,1119.0,18.6,0.684,0.0,0.469,12.2,21.5,16.9,7.1,1.6,4.8,15.0,15.6,2.3,1.6,3.9,0.166,-0.6,1.2,0.6,0.7,
233.0,Marvin Bagley III,26.0,2TM,PF,56.0,10.0,1119.0,19.9,0.655,0.111,0.365,13.3,19.4,16.4,11.0,1.1,3.0,11.9,18.6,2.7,0.7,3.4,0.147,1.5,-1.0,0.5,0.7,
233.0,Marvin Bagley III,26.0,WAS,PF,38.0,8.0,731.0,20.6,0.667,0.077,0.394,14.0,17.6,15.8,11.7,1.3,3.2,13.2,19.0,1.9,0.3,2.2,0.144,1.9,-1.1,0.8,0.5,
233.0,Marvin Bagley III,26.0,DAL,PF,18.0,2.0,388.0,18.6,0.633,0.174,0.311,12.0,22.9,17.6,9.7,0.7,2.6,9.1,17.9,0.8,0.4,1.2,0.152,0.9,-0.8,0.1,0.2,
234.0,Adem Bona,22.0,PHI,C,64.0,14.0,1118.0,12.9,0.627,0.03,0.52,11.4,16.6,14.0,3.3,1.2,6.7,17.2,11.2,1.2,1.3,2.5,0.108,-3.2,0.3,-2.9,-0.3,
235.0,Simone Fontecchio,30.0,MIA,SF,65.0,7.0,1109.0,13.4,0.569,0.695,0.215,4.9,13.8,9.3,11.5,1.5,0.7,8.8,19.6,1.2,1.2,2.4,0.102,0.4,-0.1,0.3,0.7,
236.0,Nolan Traoré,19.0,BRK,PG,50.0,27.0,1108.0,7.0,0.466,0.373,0.189,1.3,7.6,4.3,26.8,1.7,1.7,20.2,22.0,-2.1,0.5,-1.6,-0.07,-5.1,-2.1,-7.2,-1.5,
237.0,Mouhamed Gueye,23.0,ATL,PF,71.0,8.0,1103.0,12.2,0.545,0.44,0.223,8.1,17.2,12.6,7.2,2.5,3.0,9.9,12.6,0.8,1.7,2.5,0.107,-2.6,1.1,-1.5,0.1,
238.0,Collin Murray-Boyles,20.0,TOR,PF,50.0,22.0,1099.0,15.4,0.609,0.167,0.281,11.9,13.1,12.5,11.7,2.0,4.2,14.5,14.8,1.6,1.6,3.1,0.137,-0.9,1.5,0.6,0.7,
239.0,Jalen Smith,25.0,CHI,C,53.0,21.0,1095.0,16.7,0.608,0.545,0.23,9.7,24.6,17.3,8.5,1.0,3.3,10.6,19.0,1.5,1.2,2.6,0.116,0.3,-0.9,-0.6,0.4,
240.0,Joel Embiid,31.0,PHI,C,35.0,35.0,1093.0,25.2,0.612,0.222,0.478,6.6,19.7,13.1,22.4,0.9,3.3,11.6,33.6,2.7,1.1,3.8,0.168,5.3,-0.4,5.0,1.9,
241.0,Andre Drummond,32.0,PHI,C,56.0,24.0,1090.0,15.9,0.536,0.27,0.25,17.5,29.8,23.5,8.1,1.4,4.0,14.4,15.1,1.2,1.6,2.8,0.123,-0.8,-0.4,-1.1,0.2,
242.0,Kentavious Caldwell-Pope,32.0,MEM,SG,51.0,14.0,1088.0,11.0,0.533,0.475,0.219,2.0,10.6,6.2,17.6,1.9,0.7,13.2,17.6,0.2,0.7,0.9,0.039,-2.3,-0.2,-2.5,-0.1,
243.0,GG Jackson II,21.0,MEM,PF,51.0,24.0,1087.0,14.9,0.578,0.381,0.285,4.5,17.3,10.8,10.0,1.3,3.3,12.6,23.1,0.2,1.0,1.1,0.05,-0.8,-1.2,-1.9,0.0,
244.0,Jusuf Nurkić,31.0,UTA,C,41.0,36.0,1083.0,16.5,0.548,0.198,0.316,10.4,32.6,21.3,25.7,2.3,2.0,19.9,19.4,0.5,1.1,1.6,0.07,-0.4,1.6,1.1,0.9,
245.0,Mitchell Robinson,27.0,NYK,C,55.0,15.0,1080.0,20.6,0.673,0.0,0.511,24.2,25.8,25.0,6.2,2.2,5.9,15.2,10.4,3.0,2.2,5.2,0.23,1.8,1.4,3.1,1.4,
246.0,Landry Shamet,28.0,NYK,SG,46.0,12.0,1059.0,11.4,0.602,0.731,0.218,2.0,7.0,4.5,8.4,1.3,0.9,7.1,15.9,1.5,0.9,2.4,0.11,-0.3,0.2,-0.1,0.5,
247.0,Jericho Sims,27.0,MIL,C,58.0,13.0,1051.0,12.1,0.817,0.0,0.321,11.8,19.5,15.7,8.6,0.6,1.2,28.2,9.0,1.8,0.5,2.3,0.106,-2.5,-1.0,-3.5,-0.4,
248.0,Isaiah Hartenstein,27.0,OKC,C,42.0,41.0,1044.0,19.6,0.626,0.025,0.36,14.5,26.8,20.9,20.8,2.0,3.0,19.7,16.4,2.2,2.6,4.8,0.218,0.9,3.1,4.0,1.6,
249.0,Taylor Hendricks,22.0,2TM,PF,55.0,13.0,1040.0,11.8,0.555,0.515,0.207,6.4,15.2,10.7,7.1,2.0,2.6,11.8,16.2,0.2,0.7,1.0,0.044,-1.7,-1.0,-2.8,-0.2,
249.0,Taylor Hendricks,22.0,UTA,PF,33.0,6.0,492.0,10.2,0.574,0.547,0.25,6.3,15.7,10.9,6.5,1.2,1.6,12.3,13.6,0.3,0.1,0.4,0.035,-1.7,-1.8,-3.5,-0.2,
249.0,Taylor Hendricks,22.0,MEM,PF,22.0,7.0,548.0,13.1,0.542,0.495,0.18,6.4,14.8,10.6,7.6,2.7,3.6,11.5,18.5,0.0,0.6,0.6,0.053,-1.7,-0.4,-2.1,0.0,
250.0,Giannis Antetokounmpo,31.0,MIL,PF,36.0,36.0,1039.0,32.8,0.658,0.075,0.597,10.7,27.3,19.1,38.6,1.6,2.3,13.2,37.1,3.9,1.1,5.0,0.233,7.6,1.8,9.4,3.0,AS
251.0,Jared McCain,21.0,2TM,SG,59.0,1.0,1037.0,11.8,0.551,0.539,0.126,2.3,10.7,6.5,11.1,1.5,0.5,9.4,20.5,0.3,1.0,1.3,0.062,-1.3,-0.8,-2.0,0.0,
251.0,Jared McCain,21.0,PHI,SG,37.0,1.0,620.0,9.4,0.506,0.515,0.108,1.0,12.4,6.6,14.0,1.7,0.3,11.0,18.5,-0.2,0.5,0.3,0.022,-2.9,-0.8,-3.7,-0.3,
251.0,Jared McCain,21.0,OKC,SG,22.0,0.0,417.0,15.2,0.604,0.566,0.148,4.0,8.2,6.2,6.8,1.2,0.7,7.5,23.4,0.5,0.6,1.1,0.122,1.2,-0.8,0.5,0.3,
252.0,Bones Hyland,25.0,MIN,PG,65.0,3.0,1032.0,14.8,0.598,0.629,0.168,2.3,8.6,5.5,23.1,1.7,1.3,12.3,20.2,1.6,1.1,2.7,0.125,0.9,0.3,1.2,0.8,
253.0,Pat Spencer,29.0,GSW,PG,58.0,12.0,1027.0,12.3,0.523,0.371,0.139,4.5,10.0,7.2,27.3,2.0,0.4,15.8,18.7,0.5,0.9,1.4,0.066,-1.6,-0.3,-1.9,0.0,
254.0,Hugo González,19.0,BOS,SF,68.0,3.0,1026.0,10.0,0.552,0.47,0.112,6.4,18.3,12.4,5.0,1.9,2.1,12.6,11.8,0.5,1.6,2.1,0.096,-3.3,1.6,-1.7,0.1,
255.0,Caris LeVert,31.0,DET,SG,53.0,0.0,1026.0,10.7,0.513,0.474,0.211,2.1,9.0,5.6,18.6,2.2,3.3,16.6,18.3,-0.3,1.6,1.3,0.062,-2.1,1.5,-0.6,0.4,
256.0,Jordan Walsh,21.0,BOS,PF,59.0,20.0,1025.0,13.6,0.638,0.442,0.214,8.5,16.9,12.8,5.7,2.0,2.7,11.5,11.7,1.7,1.6,3.3,0.155,-1.3,1.5,0.2,0.6,
257.0,Craig Porter Jr.,25.0,CLE,PG,58.0,2.0,1024.0,13.7,0.516,0.355,0.154,8.1,12.5,10.3,23.0,2.6,3.0,17.8,12.5,1.1,1.3,2.5,0.115,0.0,2.2,2.1,1.1,
258.0,Corey Kispert,26.0,2TM,SF,54.0,9.0,1020.0,12.6,0.597,0.591,0.234,2.6,10.9,6.7,12.0,0.7,0.6,9.5,18.6,1.1,0.4,1.5,0.072,-0.4,-2.0,-2.4,-0.1,
258.0,Corey Kispert,26.0,WAS,SF,19.0,2.0,370.0,14.1,0.649,0.639,0.286,1.7,11.1,6.3,12.2,1.0,0.7,9.5,16.7,0.7,0.0,0.6,0.084,1.0,-2.1,-1.0,0.1,
258.0,Corey Kispert,26.0,ATL,SF,35.0,7.0,650.0,11.8,0.572,0.569,0.209,3.1,10.8,6.9,11.8,0.6,0.6,9.5,19.6,0.5,0.4,0.9,0.066,-1.2,-2.0,-3.1,-0.2,
259.0,Jarred Vanderbilt,26.0,LAL,PF,58.0,3.0,1016.0,11.0,0.546,0.413,0.221,8.9,20.6,15.0,8.9,2.3,1.6,17.3,12.1,0.4,1.2,1.7,0.078,-2.5,0.7,-1.8,0.0,
260.0,Gradey Dick,22.0,TOR,SG,68.0,1.0,1008.0,10.7,0.539,0.508,0.233,4.2,11.5,7.8,6.7,2.1,0.7,9.2,18.4,0.2,1.2,1.3,0.063,-3.2,-0.4,-3.6,-0.4,
261.0,Caleb Love,24.0,POR,SG,46.0,1.0,1008.0,10.8,0.497,0.596,0.1,2.6,9.7,6.1,18.5,1.3,0.4,10.7,22.9,-0.1,0.7,0.6,0.029,-1.4,-1.7,-3.1,-0.3,
262.0,Gary Payton II,33.0,GSW,SG,66.0,1.0,1003.0,17.9,0.621,0.321,0.09,9.7,16.4,13.0,17.7,2.8,1.8,13.2,18.6,1.6,1.4,3.0,0.143,0.5,1.3,1.9,1.0,
263.0,Luka Garza,27.0,BOS,C,63.0,4.0,995.0,19.5,0.683,0.365,0.355,15.8,11.4,13.6,8.5,1.3,2.4,10.9,17.2,3.4,1.2,4.6,0.221,2.1,0.2,2.3,1.1,
264.0,Miles McBride,25.0,NYK,SG,35.0,14.0,981.0,13.5,0.592,0.671,0.119,2.5,7.9,5.1,13.6,1.5,0.6,6.8,17.8,1.7,0.9,2.7,0.13,1.2,0.1,1.4,0.8,
265.0,Ryan Nembhard,22.0,DAL,PG,53.0,21.0,980.0,10.5,0.497,0.351,0.062,1.0,9.9,5.5,36.1,0.9,0.1,18.1,17.3,0.0,0.5,0.6,0.028,-2.5,-1.8,-4.3,-0.6,
266.0,De'Anthony Melton,27.0,GSW,PG,42.0,18.0,961.0,14.0,0.523,0.453,0.232,3.9,12.0,7.9,16.6,3.4,1.6,13.3,26.5,-0.6,1.3,0.7,0.036,-2.6,0.2,-2.4,-0.1,
267.0,Jakob Poeltl,30.0,TOR,C,37.0,35.0,948.0,18.0,0.697,0.0,0.317,12.0,21.7,16.8,11.7,1.5,2.7,14.4,14.8,2.1,1.4,3.5,0.179,0.2,1.3,1.5,0.8,
268.0,T.J. McConnell,33.0,IND,PG,55.0,4.0,944.0,20.3,0.561,0.106,0.063,2.5,11.9,7.0,49.8,2.8,0.8,12.2,23.3,1.7,0.8,2.4,0.124,1.8,0.3,2.1,1.0,
269.0,Alex Caruso,31.0,OKC,SG,51.0,0.0,938.0,13.2,0.534,0.59,0.18,3.4,12.8,8.2,14.3,3.6,1.8,12.3,16.1,0.3,2.1,2.4,0.123,-1.4,3.4,1.9,0.9,
270.0,Al Horford,39.0,GSW,C,43.0,12.0,933.0,14.8,0.554,0.633,0.084,5.1,20.7,12.8,16.9,1.6,4.9,11.3,16.5,0.8,1.3,2.1,0.109,0.3,1.4,1.8,0.9,
271.0,Tyus Jones,29.0,3TM,PG,63.0,10.0,931.0,8.2,0.443,0.634,0.044,1.2,6.8,4.0,20.9,1.9,0.3,9.5,10.5,0.2,0.7,1.0,0.049,-2.9,0.5,-2.4,-0.1,
271.0,Tyus Jones,29.0,ORL,PG,48.0,8.0,754.0,8.5,0.448,0.646,0.038,1.3,6.6,3.9,19.8,2.1,0.4,8.0,9.8,0.3,0.7,1.0,0.062,-2.7,1.1,-1.7,0.1,
271.0,Tyus Jones,29.0,DAL,PG,8.0,2.0,133.0,8.7,0.444,0.559,0.059,0.8,6.3,3.6,29.3,1.1,0.0,12.5,12.6,0.0,0.1,0.1,0.032,-3.0,-1.3,-4.3,-0.1,
271.0,Tyus Jones,29.0,DEN,PG,7.0,0.0,44.0,1.9,0.372,0.692,0.077,0.0,12.2,6.4,14.3,0.0,0.0,18.2,16.2,-0.1,0.0,-0.1,-0.119,-6.3,-3.6,-9.9,-0.1,
272.0,Rayan Rupert,21.0,2TM,SG,60.0,5.0,927.0,7.2,0.492,0.462,0.138,4.1,13.5,8.7,6.9,2.4,0.6,13.5,13.4,-0.4,0.9,0.5,0.028,-5.4,0.0,-5.4,-0.8,
272.0,Rayan Rupert,21.0,POR,SG,48.0,0.0,577.0,5.8,0.447,0.483,0.095,4.2,12.0,8.0,7.8,2.4,0.3,15.5,12.7,-0.5,0.6,0.1,0.011,-5.9,0.7,-5.1,-0.5,
272.0,Rayan Rupert,21.0,MEM,SG,12.0,5.0,350.0,9.6,0.556,0.43,0.2,4.0,16.0,9.9,5.4,2.3,1.1,10.7,14.4,0.1,0.3,0.4,0.055,-4.6,-1.1,-5.8,-0.3,
273.0,Olivier-Maxence Prosper,23.0,MEM,PF,50.0,21.0,925.0,16.2,0.655,0.423,0.331,6.5,14.3,10.3,7.7,1.9,1.2,10.8,18.3,1.6,0.7,2.3,0.12,0.7,-1.1,-0.4,0.4,
274.0,Ochai Agbaji,25.0,2TM,SG,59.0,13.0,921.0,8.4,0.518,0.453,0.145,5.4,11.4,8.3,6.8,1.2,1.8,10.2,14.2,0.0,0.8,0.8,0.04,-3.8,-0.4,-4.2,-0.5,
274.0,Ochai Agbaji,25.0,TOR,SG,42.0,13.0,650.0,7.5,0.495,0.382,0.171,5.6,10.9,8.2,6.0,1.3,1.6,9.4,13.3,0.0,0.6,0.6,0.045,-4.8,-0.1,-4.9,-0.5,
274.0,Ochai Agbaji,25.0,BRK,SG,17.0,0.0,271.0,10.7,0.564,0.593,0.093,4.9,12.7,8.6,8.7,1.1,2.0,11.8,16.3,0.0,0.1,0.2,0.028,-1.2,-1.3,-2.5,0.0,
275.0,Isaiah Jackson,24.0,2TM,C,55.0,14.0,908.0,17.3,0.653,0.013,0.443,13.6,21.9,17.7,8.6,1.9,4.8,17.0,16.2,1.5,1.1,2.6,0.137,-1.9,0.7,-1.2,0.2,
275.0,Isaiah Jackson,24.0,IND,C,38.0,14.0,638.0,15.3,0.615,0.006,0.448,14.3,22.0,18.0,7.0,1.9,3.9,17.9,16.0,0.7,0.7,1.4,0.105,-3.1,0.3,-2.8,-0.1,
275.0,Isaiah Jackson,24.0,LAC,C,17.0,0.0,270.0,22.3,0.741,0.028,0.431,12.0,21.8,17.0,12.3,1.8,7.0,14.9,16.5,0.8,0.4,1.2,0.214,0.9,1.8,2.7,0.3,
276.0,Justin Edwards,22.0,PHI,SF,57.0,12.0,900.0,12.3,0.581,0.569,0.128,2.9,8.0,5.4,11.9,2.6,1.2,10.0,16.0,0.8,0.8,1.6,0.088,-1.6,0.5,-1.1,0.2,
277.0,John Konchar,29.0,2TM,SG,49.0,7.0,899.0,12.6,0.57,0.526,0.201,5.9,16.4,11.1,11.6,3.4,3.3,13.9,9.0,0.8,1.0,1.8,0.097,-1.8,2.4,0.6,0.6,
277.0,John Konchar,29.0,MEM,SG,30.0,1.0,435.0,12.9,0.619,0.549,0.183,4.9,18.1,11.4,11.8,3.4,2.8,15.4,8.7,0.4,0.6,1.0,0.115,-1.2,3.6,2.4,0.5,
277.0,John Konchar,29.0,UTA,SG,19.0,6.0,464.0,12.3,0.528,0.506,0.217,6.9,14.8,10.8,11.4,3.4,3.8,12.5,9.2,0.4,0.4,0.8,0.079,-2.4,1.3,-1.1,0.1,
278.0,Karlo Matković,24.0,NOP,PF,61.0,2.0,895.0,16.9,0.703,0.377,0.177,8.6,18.8,13.6,7.8,1.3,5.6,11.7,13.2,1.9,0.9,2.8,0.148,0.4,0.5,0.9,0.7,
279.0,Franz Wagner,24.0,ORL,SF,28.0,26.0,891.0,19.6,0.591,0.269,0.407,5.1,15.2,10.1,18.3,1.6,0.9,8.7,26.3,1.7,0.9,2.7,0.144,2.9,0.0,2.9,1.1,
280.0,Mike Conley,38.0,MIN,PG,49.0,11.0,888.0,8.9,0.485,0.767,0.243,2.0,8.5,5.3,20.2,1.5,1.3,11.8,11.3,0.7,0.9,1.6,0.085,-2.7,0.9,-1.7,0.1,
281.0,Paul George,35.0,PHI,PF,29.0,29.0,887.0,16.6,0.563,0.499,0.205,2.1,17.7,9.8,17.9,2.6,1.6,9.8,22.7,0.9,1.1,2.0,0.107,1.0,0.6,1.6,0.8,
282.0,Nae'Qwan Tomlin,25.0,CLE,PF,58.0,2.0,882.0,12.3,0.534,0.359,0.205,8.8,10.3,9.6,6.6,2.1,3.2,7.2,15.3,0.8,1.0,1.9,0.101,-2.6,0.4,-2.2,0.0,
283.0,Aaron Gordon,30.0,DEN,PF,32.0,29.0,882.0,19.3,0.624,0.384,0.426,6.3,17.4,12.1,13.3,1.1,0.9,7.4,22.7,2.2,0.7,2.9,0.157,3.3,-1.2,2.0,0.9,
284.0,Cam Thomas,24.0,2TM,SG,42.0,8.0,881.0,12.6,0.53,0.364,0.367,1.4,8.0,4.6,21.0,0.5,0.4,12.1,30.3,-0.5,0.1,-0.4,-0.022,-1.2,-4.0,-5.2,-0.7,
284.0,Cam Thomas,24.0,BRK,SG,24.0,8.0,582.0,12.3,0.527,0.38,0.351,1.7,7.2,4.3,22.4,0.3,0.3,11.9,30.2,-0.2,0.0,-0.2,-0.018,-0.8,-4.2,-5.0,-0.4,
284.0,Cam Thomas,24.0,MIL,SG,18.0,0.0,299.0,13.1,0.534,0.333,0.399,0.8,9.7,5.3,18.1,0.8,0.7,12.6,30.5,-0.2,0.1,-0.2,-0.028,-2.0,-3.4,-5.4,-0.3,
285.0,Bryce McGowens,23.0,NOP,SG,42.0,13.0,880.0,11.8,0.61,0.392,0.401,1.5,9.4,5.4,9.5,1.5,1.0,5.7,14.0,1.4,0.3,1.8,0.097,-2.0,-0.9,-2.9,-0.2,
286.0,Robert Williams,28.0,POR,C,52.0,1.0,876.0,22.6,0.728,0.095,0.213,15.2,29.4,22.2,8.9,1.7,8.0,15.4,13.2,2.2,1.7,3.9,0.213,2.2,2.4,4.6,1.5,
287.0,Jordan Poole,26.0,NOP,PG,36.0,6.0,866.0,11.4,0.526,0.648,0.257,1.0,8.1,4.5,18.6,1.1,1.5,12.0,25.0,0.0,0.2,0.2,0.013,-0.9,-2.4,-3.3,-0.3,
288.0,Caleb Martin,30.0,DAL,SF,58.0,12.0,856.0,9.4,0.526,0.302,0.323,3.5,14.1,8.9,12.3,2.2,1.5,15.6,12.6,0.0,1.0,0.9,0.051,-4.0,1.7,-2.2,0.0,
289.0,Guerschon Yabusele,30.0,2TM,C,61.0,13.0,853.0,11.3,0.55,0.629,0.208,6.1,19.1,12.7,8.4,1.3,1.5,11.0,15.7,0.4,0.9,1.3,0.075,-1.5,-0.2,-1.7,0.1,
289.0,Guerschon Yabusele,30.0,NYK,C,41.0,0.0,366.0,8.6,0.499,0.636,0.112,7.2,19.2,13.2,6.4,0.8,1.4,11.8,14.8,0.0,0.4,0.4,0.056,-3.2,-0.5,-3.8,-0.2,
289.0,Guerschon Yabusele,30.0,CHI,C,20.0,13.0,487.0,13.3,0.584,0.625,0.276,5.3,18.9,12.2,9.9,1.7,1.6,10.5,16.4,0.5,0.5,0.9,0.09,-0.2,0.0,-0.1,0.2,
290.0,Trendon Watford,25.0,PHI,PF,50.0,7.0,849.0,13.0,0.567,0.189,0.283,4.8,17.7,11.2,21.7,0.9,2.3,17.2,17.9,0.6,0.7,1.3,0.074,-2.2,0.1,-2.1,0.0,
291.0,Kasparas Jakučionis,19.0,MIA,PG,47.0,11.0,834.0,11.6,0.604,0.653,0.244,4.9,10.7,7.8,17.4,1.7,0.5,15.4,13.6,1.1,0.9,2.0,0.114,-1.2,1.0,-0.2,0.4,
292.0,Tyler Herro,26.0,MIA,SG,27.0,22.0,834.0,17.7,0.605,0.409,0.219,1.6,14.4,8.0,19.0,1.2,1.0,10.2,25.3,1.2,0.9,2.1,0.12,2.7,-0.3,2.5,0.9,
293.0,Jalen Williams,24.0,OKC,SG,29.0,29.0,826.0,18.6,0.549,0.178,0.277,3.0,14.1,8.8,29.3,2.0,1.1,10.8,26.6,1.0,1.5,2.5,0.144,0.8,0.9,1.7,0.8,
294.0,Goga Bitadze,26.0,ORL,C,55.0,3.0,825.0,20.2,0.708,0.059,0.427,14.7,20.5,17.6,12.4,1.9,5.7,12.4,12.9,2.5,1.3,3.8,0.224,1.0,2.2,3.1,1.1,
295.0,Vince Williams Jr.,25.0,2TM,SG,40.0,12.0,820.0,10.7,0.478,0.606,0.171,5.1,15.5,10.2,27.4,1.7,1.8,18.2,19.4,-0.4,0.6,0.2,0.015,-1.5,0.5,-1.0,0.2,
295.0,Vince Williams Jr.,25.0,MEM,PG,34.0,12.0,736.0,10.8,0.478,0.602,0.174,4.9,15.2,10.0,27.7,1.7,1.8,18.1,19.6,-0.3,0.6,0.3,0.018,-1.5,0.6,-0.9,0.2,
295.0,Vince Williams Jr.,25.0,UTA,SG,6.0,0.0,84.0,9.8,0.47,0.643,0.143,6.3,18.4,12.3,25.3,1.1,2.3,19.0,18.1,0.0,0.0,0.0,-0.012,-1.8,-0.3,-2.1,0.0,
296.0,Clint Capela,31.0,HOU,C,66.0,2.0,819.0,17.4,0.537,0.0,0.342,18.9,21.5,20.2,6.8,1.9,6.2,14.1,13.5,1.0,1.5,2.5,0.146,-0.7,0.8,0.1,0.4,
297.0,Josh Green,25.0,CHO,SG,50.0,0.0,815.0,10.3,0.649,0.75,0.167,6.1,7.2,6.6,7.2,1.9,0.6,14.7,10.9,1.0,0.8,1.8,0.106,-1.3,0.9,-0.4,0.3,
298.0,Ousmane Dieng,22.0,2TM,C,48.0,12.0,813.0,10.5,0.541,0.519,0.07,2.9,13.8,8.5,14.3,1.2,1.8,13.4,17.4,0.0,0.8,0.7,0.042,-1.7,-0.5,-2.3,0.0,
298.0,Ousmane Dieng,22.0,OKC,C,27.0,0.0,295.0,10.0,0.534,0.538,0.066,3.0,12.0,7.7,12.5,0.3,2.3,7.9,14.9,0.2,0.4,0.6,0.098,-1.6,0.1,-1.5,0.0,
298.0,Ousmane Dieng,22.0,MIL,C,21.0,12.0,518.0,10.8,0.544,0.508,0.073,2.9,14.9,8.9,15.2,1.7,1.5,15.9,18.8,-0.2,0.3,0.1,0.01,-1.8,-0.9,-2.7,-0.1,
299.0,Gabe Vincent,29.0,2TM,PG,47.0,7.0,804.0,6.2,0.498,0.791,0.09,2.0,4.6,3.3,10.3,1.4,0.2,9.5,12.3,0.1,0.4,0.5,0.028,-4.0,-0.8,-4.8,-0.6,
299.0,Gabe Vincent,29.0,LAL,PG,29.0,7.0,559.0,5.5,0.512,0.792,0.085,1.5,4.1,2.8,8.3,1.2,0.2,8.2,11.5,0.1,0.2,0.3,0.027,-4.0,-1.0,-4.9,-0.4,
299.0,Gabe Vincent,29.0,ATL,PG,18.0,0.0,245.0,7.6,0.472,0.789,0.099,3.1,5.8,4.4,14.7,1.9,0.4,11.9,14.3,0.0,0.2,0.2,0.031,-4.2,-0.4,-4.7,-0.2,
300.0,Jaden Hardy,23.0,2TM,SG,52.0,4.0,796.0,11.2,0.576,0.608,0.176,2.0,8.4,5.2,8.5,0.8,0.5,12.2,24.6,-0.2,0.2,-0.1,-0.003,-1.2,-3.0,-4.3,-0.5,
300.0,Jaden Hardy,23.0,DAL,SG,34.0,4.0,428.0,10.7,0.551,0.639,0.206,2.8,8.8,5.8,9.9,1.0,0.4,11.3,23.4,-0.1,0.2,0.1,0.015,-1.9,-1.9,-3.8,-0.2,
300.0,Jaden Hardy,23.0,WAS,SG,18.0,0.0,368.0,11.8,0.604,0.575,0.145,1.1,7.9,4.5,6.9,0.6,0.7,13.2,25.9,-0.1,-0.1,-0.2,-0.024,-0.4,-4.4,-4.8,-0.3,
301.0,Nikola Jović,22.0,MIA,PF,46.0,1.0,795.0,9.6,0.481,0.529,0.328,3.2,16.7,9.9,16.6,1.5,1.9,15.6,21.3,-0.9,1.0,0.1,0.005,-3.5,0.1,-3.3,-0.3,
302.0,Buddy Hield,33.0,2TM,SG,49.0,3.0,794.0,12.0,0.555,0.655,0.121,3.7,12.2,7.9,12.5,2.3,1.0,12.7,19.7,0.0,0.8,0.9,0.053,-1.5,-0.1,-1.6,0.1,
302.0,Buddy Hield,33.0,GSW,SG,44.0,3.0,768.0,12.6,0.562,0.65,0.113,3.7,12.1,7.8,12.6,2.3,1.1,11.8,19.6,0.2,0.8,1.0,0.064,-1.1,0.0,-1.0,0.2,
302.0,Buddy Hield,33.0,ATL,SG,5.0,0.0,26.0,-3.7,0.3,0.857,0.429,4.1,16.9,10.4,8.9,1.8,0.0,37.5,21.4,-0.2,0.0,-0.1,-0.267,-13.7,-4.2,-17.9,-0.1,
303.0,Keegan Murray,25.0,SAC,PF,23.0,22.0,793.0,11.7,0.499,0.373,0.163,4.5,14.3,9.3,6.8,1.5,4.1,7.7,18.7,-0.2,0.4,0.1,0.009,-2.1,-1.1,-3.1,-0.2,
304.0,Jamir Watkins,24.0,WAS,SG,41.0,5.0,791.0,11.5,0.548,0.531,0.239,5.3,14.9,10.1,8.3,2.7,2.3,10.6,13.9,0.4,0.5,0.9,0.053,-3.1,0.0,-3.0,-0.2,
305.0,Jaylen Clark,24.0,MIN,SG,62.0,0.0,779.0,10.1,0.53,0.426,0.34,7.3,8.3,7.8,5.7,2.4,0.9,8.5,13.4,0.5,0.9,1.4,0.087,-3.3,0.6,-2.7,-0.1,
306.0,Tyrese Martin,26.0,2TM,SG,45.0,6.0,775.0,10.3,0.501,0.596,0.101,4.8,12.9,8.7,15.6,1.6,0.7,12.1,18.4,-0.3,0.4,0.1,0.008,-1.9,-1.4,-3.3,-0.3,
306.0,Tyrese Martin,26.0,BRK,SG,37.0,6.0,696.0,10.8,0.507,0.596,0.102,5.1,13.0,8.8,15.6,1.6,0.5,11.0,18.7,-0.1,0.3,0.2,0.015,-1.5,-1.5,-3.0,-0.2,
306.0,Tyrese Martin,26.0,PHI,SG,8.0,0.0,79.0,6.1,0.437,0.591,0.091,2.7,11.3,6.9,15.3,1.8,2.4,23.4,16.0,-0.2,0.1,-0.1,-0.061,-5.5,-0.2,-5.7,-0.1,
307.0,Jonas Valančiūnas,33.0,DEN,C,58.0,5.0,773.0,20.6,0.621,0.06,0.349,13.1,27.6,20.7,13.8,0.9,3.7,14.4,25.4,1.4,1.0,2.3,0.144,-0.2,-0.5,-0.7,0.3,
308.0,Josh Minott,23.0,2TM,PF,46.0,11.0,772.0,15.8,0.662,0.613,0.239,6.7,15.2,10.9,8.4,2.6,2.5,14.6,16.2,1.2,1.1,2.3,0.142,1.3,1.2,2.5,0.9,
308.0,Josh Minott,23.0,BOS,PF,33.0,10.0,526.0,15.7,0.651,0.566,0.191,8.4,16.0,12.3,8.5,2.3,2.3,11.9,13.8,1.1,0.8,1.9,0.173,0.8,1.4,2.2,0.6,
308.0,Josh Minott,23.0,BRK,SF,13.0,1.0,246.0,16.1,0.679,0.686,0.314,3.1,13.5,8.0,8.1,3.2,3.0,18.4,21.2,0.1,0.3,0.4,0.074,2.2,1.0,3.1,0.3,
309.0,Rob Dillingham,21.0,2TM,PG,57.0,0.0,772.0,7.5,0.454,0.303,0.119,2.3,11.4,6.9,22.3,2.5,0.5,18.2,22.4,-1.5,0.8,-0.7,-0.045,-6.6,-0.5,-7.0,-1.0,
309.0,Rob Dillingham,21.0,MIN,PG,35.0,0.0,326.0,6.1,0.404,0.234,0.142,1.7,11.9,6.9,24.2,2.8,0.8,19.4,24.0,-1.0,0.4,-0.5,-0.077,-7.9,-0.3,-8.2,-0.5,
309.0,Rob Dillingham,21.0,CHI,PG,22.0,0.0,446.0,8.6,0.495,0.358,0.101,2.7,11.0,6.9,20.9,2.2,0.2,17.3,21.2,-0.5,0.3,-0.2,-0.023,-5.6,-0.6,-6.2,-0.5,
310.0,Paul Reed,26.0,DET,C,57.0,8.0,760.0,23.3,0.631,0.119,0.319,16.9,19.5,18.2,12.9,3.1,6.3,13.3,20.5,1.8,1.8,3.6,0.225,1.8,2.7,4.5,1.2,
311.0,Dylan Cardwell,24.0,SAC,C,37.0,1.0,757.0,15.3,0.574,0.007,0.34,17.3,24.6,20.8,9.1,1.6,5.9,15.8,11.0,1.1,0.7,1.8,0.117,-2.6,0.4,-2.2,0.0,
312.0,Kobe Brown,26.0,2TM,PF,54.0,4.0,756.0,11.1,0.577,0.524,0.245,7.8,13.2,10.5,9.9,1.2,1.3,15.7,15.6,0.4,0.4,0.8,0.052,-1.9,-1.6,-3.5,-0.3,
312.0,Kobe Brown,26.0,LAC,PF,34.0,0.0,295.0,11.2,0.524,0.583,0.31,7.3,13.4,10.5,12.6,1.5,0.6,13.6,16.6,0.1,0.2,0.3,0.057,-1.2,-1.1,-2.3,0.0,
312.0,Kobe Brown,26.0,IND,PF,20.0,4.0,461.0,11.0,0.615,0.484,0.202,8.1,13.1,10.5,8.2,0.9,1.7,17.2,15.0,0.3,0.2,0.5,0.048,-2.3,-1.9,-4.2,-0.3,
313.0,Javon Small,23.0,MEM,PG,38.0,10.0,753.0,16.3,0.616,0.478,0.289,4.4,12.8,8.5,26.7,2.0,1.1,14.9,18.5,1.4,0.6,2.0,0.125,1.5,-0.4,1.2,0.6,
314.0,Dwight Powell,34.0,DAL,C,55.0,10.0,751.0,12.4,0.698,0.035,1.116,11.1,17.8,14.5,8.8,1.7,2.0,21.0,9.1,1.2,0.9,2.1,0.136,-2.9,1.5,-1.4,0.1,
315.0,Kenrich Williams,31.0,OKC,PF,49.0,2.0,751.0,14.5,0.593,0.443,0.203,7.0,14.8,11.1,12.1,1.9,0.7,12.1,17.6,0.9,1.4,2.2,0.141,0.3,0.6,0.9,0.6,
316.0,Jabari Walker,23.0,PHI,PF,60.0,6.0,742.0,12.3,0.561,0.448,0.305,10.2,17.4,13.7,6.1,1.5,1.6,9.8,15.0,0.8,0.7,1.6,0.101,-2.2,-0.6,-2.8,-0.2,
317.0,Jalen Pickett,26.0,DEN,SG,45.0,18.0,738.0,10.4,0.546,0.556,0.073,2.9,13.0,8.2,18.3,0.9,0.5,12.4,14.2,0.6,0.4,1.0,0.063,-1.1,-1.0,-2.1,0.0,
318.0,Steven Adams,32.0,HOU,C,32.0,11.0,730.0,15.8,0.535,0.0,0.583,22.3,19.6,20.9,8.4,1.5,2.5,16.7,12.1,1.1,1.0,2.1,0.138,-0.2,-0.4,-0.6,0.3,
319.0,Lonzo Ball,28.0,CLE,PG,35.0,3.0,728.0,9.5,0.432,0.835,0.119,3.9,17.2,10.6,22.7,3.0,1.2,21.9,13.7,-0.4,1.1,0.7,0.043,-2.9,1.8,-1.1,0.2,
320.0,Micah Potter,27.0,IND,C,39.0,3.0,724.0,16.5,0.672,0.578,0.359,6.5,19.8,13.0,11.1,1.1,1.6,11.0,17.0,1.6,0.5,2.0,0.136,1.3,-0.7,0.5,0.5,
321.0,Julian Strawther,23.0,DEN,SG,50.0,12.0,722.0,12.0,0.578,0.473,0.238,2.0,13.0,7.7,9.6,1.4,0.5,9.2,19.0,0.5,0.5,1.0,0.064,-1.6,-1.1,-2.7,-0.1,
322.0,Noah Penda,21.0,ORL,SF,53.0,2.0,719.0,12.0,0.518,0.441,0.246,10.3,17.9,14.1,11.9,1.9,2.3,15.6,15.1,0.2,0.9,1.1,0.076,-1.7,0.5,-1.2,0.1,
323.0,Ben Saraf,19.0,BRK,SG,37.0,7.0,717.0,7.2,0.478,0.31,0.293,1.8,8.9,5.2,24.9,2.3,0.6,23.4,20.5,-1.3,0.4,-0.9,-0.062,-6.0,-1.5,-7.5,-1.0,
324.0,Micah Peavy,24.0,NOP,SG,54.0,1.0,712.0,8.2,0.436,0.391,0.083,6.0,8.6,7.3,9.0,2.2,0.8,5.9,14.9,-0.2,0.4,0.2,0.011,-4.5,-0.9,-5.4,-0.6,
325.0,Jalen Wilson,25.0,BRK,PF,48.0,1.0,707.0,8.3,0.534,0.597,0.307,1.9,13.0,7.1,6.9,1.3,0.3,9.6,17.9,-0.1,0.3,0.2,0.01,-3.4,-2.1,-5.5,-0.6,
326.0,Kyle Anderson,32.0,3TM,SF,36.0,3.0,705.0,13.1,0.58,0.054,0.365,5.1,13.8,9.4,18.3,2.4,2.5,15.3,13.5,0.7,0.6,1.3,0.092,-1.6,1.3,-0.3,0.3,
326.0,Kyle Anderson,32.0,UTA,SF,20.0,0.0,401.0,14.3,0.565,0.046,0.349,5.1,13.0,8.9,20.9,2.7,2.4,11.9,14.7,0.5,0.2,0.7,0.088,-1.0,0.7,-0.2,0.2,
326.0,Kyle Anderson,32.0,MEM,SF,4.0,3.0,89.0,15.1,0.821,0.053,0.421,3.6,13.5,8.5,4.9,3.2,4.2,23.7,13.8,0.1,0.1,0.2,0.111,-2.6,1.4,-1.1,0.0,
326.0,Kyle Anderson,32.0,MIN,SF,12.0,0.0,215.0,10.1,0.504,0.077,0.385,5.7,15.5,10.7,19.2,1.6,2.0,19.4,11.1,0.1,0.3,0.4,0.09,-2.5,2.3,-0.2,0.1,
327.0,Nick Richards,28.0,2TM,C,48.0,6.0,701.0,12.0,0.562,0.09,0.502,11.8,25.6,18.7,3.2,0.7,4.1,19.4,18.3,-0.2,0.8,0.6,0.041,-4.9,-1.2,-6.1,-0.7,
327.0,Nick Richards,28.0,PHO,C,28.0,2.0,254.0,11.5,0.534,0.0,0.394,14.8,25.3,19.9,4.4,0.8,5.3,23.1,18.1,-0.2,0.4,0.2,0.038,-6.0,-0.8,-6.8,-0.3,
327.0,Nick Richards,28.0,CHI,C,20.0,4.0,447.0,12.3,0.577,0.138,0.562,10.2,25.8,18.1,2.5,0.6,3.5,17.3,18.4,-0.1,0.5,0.4,0.042,-4.2,-1.5,-5.7,-0.4,
328.0,Quenton Jackson,27.0,IND,PG,41.0,11.0,698.0,13.9,0.595,0.386,0.374,3.5,10.6,7.0,21.0,1.5,0.7,14.6,20.4,0.7,0.3,1.0,0.069,-1.1,-1.0,-2.1,0.0,
329.0,Tyler Kolek,24.0,NYK,PG,59.0,1.0,694.0,12.1,0.527,0.462,0.076,2.4,12.7,7.5,31.1,1.5,0.6,17.8,18.2,0.5,0.8,1.3,0.087,-1.1,0.2,-0.8,0.2,
330.0,Jevon Carter,30.0,2TM,PG,44.0,1.0,694.0,11.3,0.54,0.721,0.073,1.9,10.0,5.9,14.0,2.1,1.2,9.7,18.2,0.1,0.6,0.8,0.052,-1.1,0.0,-1.1,0.2,
330.0,Jevon Carter,30.0,CHI,PG,23.0,0.0,254.0,12.4,0.577,0.757,0.097,2.1,8.7,5.4,10.4,2.4,0.7,9.3,19.5,0.1,0.2,0.3,0.059,-0.7,-0.3,-0.9,0.1,
330.0,Jevon Carter,30.0,ORL,PG,21.0,1.0,440.0,10.6,0.515,0.698,0.057,1.8,10.8,6.2,16.1,1.9,1.4,9.9,17.5,0.0,0.4,0.4,0.048,-1.4,0.2,-1.2,0.1,
331.0,Jonathan Kuminga,23.0,2TM,PF,30.0,14.0,692.0,13.9,0.556,0.289,0.383,7.0,21.5,14.2,15.7,1.2,1.1,16.3,23.5,0.0,0.8,0.8,0.053,-1.8,-0.8,-2.5,-0.1,
331.0,Jonathan Kuminga,23.0,GSW,PF,20.0,13.0,476.0,12.5,0.543,0.273,0.34,6.7,20.9,13.6,15.8,0.8,1.2,17.1,23.9,-0.2,0.5,0.3,0.025,-2.5,-1.2,-3.6,-0.2,
331.0,Jonathan Kuminga,23.0,ATL,PF,10.0,1.0,216.0,17.1,0.586,0.325,0.482,7.9,22.9,15.3,15.4,2.0,0.8,14.5,22.7,0.2,0.3,0.5,0.113,-0.2,0.0,-0.2,0.1,
332.0,Carter Bryant,20.0,SAS,PF,63.0,0.0,686.0,9.3,0.507,0.576,0.166,4.7,19.4,12.2,6.5,0.9,2.2,9.6,16.7,-0.1,1.0,0.9,0.064,-3.6,0.0,-3.7,-0.3,
333.0,Jalen Green,23.0,PHO,SG,26.0,21.0,678.0,15.2,0.515,0.46,0.173,1.9,14.4,7.9,19.1,2.0,0.4,10.7,32.3,-0.4,0.7,0.3,0.024,0.1,-1.1,-1.0,0.2,
334.0,Jaden Ivey,23.0,2TM,SG,37.0,5.0,670.0,13.1,0.571,0.523,0.184,4.0,10.9,7.5,14.0,1.6,2.0,12.9,19.7,0.5,0.9,1.4,0.097,-0.2,0.2,0.0,0.3,
334.0,Jaden Ivey,23.0,DET,SG,33.0,2.0,555.0,12.7,0.57,0.514,0.173,3.9,10.5,7.2,13.0,1.3,2.1,12.9,20.3,0.4,0.7,1.1,0.094,-0.1,0.1,0.0,0.3,
334.0,Jaden Ivey,23.0,CHI,SG,4.0,3.0,115.0,14.9,0.576,0.583,0.25,4.7,12.8,8.8,18.6,3.3,1.5,13.1,16.7,0.1,0.1,0.3,0.112,-0.7,0.7,0.0,0.1,
335.0,Anthony Gill,33.0,WAS,PF,46.0,2.0,668.0,12.9,0.648,0.235,0.157,7.4,12.0,9.7,10.7,1.8,2.2,16.4,12.2,0.8,0.2,1.0,0.073,-1.8,-0.9,-2.7,-0.1,
336.0,Thomas Bryant,28.0,CLE,C,56.0,0.0,648.0,17.4,0.615,0.488,0.26,8.8,21.5,15.2,6.8,1.3,3.5,8.4,19.4,1.2,0.9,2.1,0.153,0.7,-0.6,0.0,0.3,
337.0,Jett Howard,22.0,ORL,SF,51.0,0.0,645.0,11.3,0.555,0.593,0.156,3.6,11.0,7.3,9.7,0.7,1.4,5.0,17.1,0.7,0.5,1.2,0.087,-0.9,-1.1,-2.0,0.0,
338.0,Tre Mann,24.0,CHO,PG,47.0,1.0,645.0,8.3,0.464,0.522,0.093,3.6,11.8,7.8,18.9,1.8,0.7,15.0,23.1,-0.7,0.7,0.0,-0.003,-4.4,-0.9,-5.2,-0.5,
339.0,Daeqwon Plowden,27.0,SAC,SG,25.0,3.0,645.0,10.6,0.577,0.648,0.167,4.4,9.1,6.7,5.6,1.3,0.6,7.0,16.0,0.6,0.0,0.6,0.044,-2.2,-2.3,-4.5,-0.4,
340.0,Johnny Furphy,21.0,IND,SG,35.0,21.0,643.0,9.2,0.547,0.477,0.235,5.3,21.1,13.0,8.7,1.5,0.9,15.0,12.8,0.0,0.5,0.5,0.034,-3.9,0.1,-3.8,-0.3,
341.0,Kristaps Porziņģis,30.0,2TM,C,27.0,18.0,640.0,20.9,0.587,0.422,0.422,5.6,17.5,11.5,17.3,1.2,5.1,7.7,28.0,1.3,0.8,2.2,0.163,2.5,0.7,3.2,0.8,
341.0,Kristaps Porziņģis,30.0,ATL,C,17.0,12.0,413.0,20.6,0.592,0.41,0.386,5.4,17.6,11.4,16.6,1.0,4.8,6.1,26.4,1.0,0.5,1.5,0.176,2.7,0.9,3.6,0.6,
341.0,Kristaps Porziņģis,30.0,GSW,C,10.0,6.0,227.0,21.2,0.578,0.443,0.484,5.8,17.4,11.5,18.5,1.5,5.6,10.3,30.7,0.4,0.3,0.7,0.14,2.2,0.3,2.5,0.3,
342.0,Aaron Holiday,29.0,HOU,PG,48.0,1.0,635.0,9.7,0.564,0.648,0.171,1.4,6.0,3.8,10.3,1.7,0.6,12.4,17.6,0.5,0.5,1.0,0.076,-2.6,-0.4,-3.0,-0.2,
343.0,Anthony Davis,32.0,DAL,PF,20.0,20.0,626.0,21.6,0.551,0.111,0.243,10.7,26.6,18.8,15.0,1.7,4.5,10.0,27.6,0.4,1.0,1.4,0.106,1.5,0.9,2.4,0.7,
344.0,Tristan Vukcevic,22.0,WAS,C,46.0,9.0,624.0,17.0,0.594,0.451,0.338,5.2,18.8,12.0,13.0,1.3,4.3,15.1,26.6,0.2,0.3,0.5,0.041,0.2,-1.1,-1.0,0.2,
345.0,Gary Harris,31.0,MIL,SG,45.0,2.0,617.0,7.8,0.611,0.681,0.099,2.4,7.8,5.1,9.5,2.0,1.1,15.9,8.1,0.4,0.3,0.7,0.054,-3.4,0.7,-2.7,-0.1,
346.0,Kevin Love,37.0,UTA,PF,37.0,5.0,613.0,14.8,0.568,0.714,0.221,9.6,28.9,19.0,14.7,1.1,1.4,12.1,16.7,0.8,0.3,1.1,0.09,1.1,-0.9,0.2,0.3,
347.0,Dorian Finney-Smith,32.0,HOU,PF,35.0,1.0,590.0,5.0,0.435,0.775,0.058,6.1,10.6,8.4,7.1,1.3,0.9,15.2,10.3,-0.2,0.5,0.4,0.03,-4.7,-0.1,-4.8,-0.4,
348.0,Grant Williams,27.0,CHO,PF,30.0,3.0,583.0,12.2,0.61,0.733,0.342,7.1,15.4,11.3,11.3,0.9,2.0,14.7,14.3,0.9,0.6,1.5,0.12,0.1,0.8,0.8,0.4,
349.0,Zeke Nnaji,25.0,DEN,PF,48.0,3.0,577.0,10.6,0.562,0.35,0.314,6.3,17.7,12.3,5.4,1.4,3.4,13.6,13.9,0.2,0.6,0.8,0.067,-3.4,-0.1,-3.5,-0.2,
350.0,Tidjane Salaün,20.0,CHO,PF,36.0,0.0,571.0,13.1,0.632,0.525,0.253,5.2,23.8,14.7,6.7,1.4,1.1,12.5,14.8,0.7,0.7,1.4,0.12,-1.0,0.4,-0.6,0.2,
351.0,Ja Morant,26.0,MEM,PG,20.0,20.0,569.0,16.7,0.521,0.264,0.363,1.5,11.0,6.2,44.8,1.7,1.0,16.0,32.4,0.0,0.3,0.4,0.032,0.5,-2.0,-1.5,0.1,
352.0,Mohamed Diawara,20.0,NYK,SF,63.0,6.0,568.0,10.5,0.563,0.615,0.087,2.9,14.4,8.6,10.5,1.2,1.1,12.1,17.3,0.2,0.6,0.9,0.074,-1.4,0.0,-1.4,0.1,
353.0,Jamaree Bouyea,26.0,PHO,PG,40.0,0.0,564.0,13.7,0.527,0.337,0.156,3.0,11.6,7.2,17.5,2.4,2.4,9.4,17.7,0.4,0.7,1.1,0.097,-1.1,1.3,0.2,0.3,
354.0,Domantas Sabonis,29.0,SAC,C,19.0,15.0,564.0,19.2,0.59,0.122,0.348,12.3,31.0,21.3,21.3,1.5,0.6,16.7,23.1,0.7,0.4,1.1,0.094,0.7,-0.2,0.5,0.4,
355.0,Jordan Hawkins,23.0,NOP,SG,45.0,0.0,560.0,5.6,0.441,0.573,0.104,2.9,10.5,6.7,7.1,0.8,1.4,10.7,16.8,-0.7,0.1,-0.6,-0.048,-4.2,-2.9,-7.1,-0.7,
356.0,Drew Eubanks,28.0,SAC,C,42.0,11.0,552.0,13.6,0.605,0.045,0.365,7.6,18.3,12.8,5.0,1.3,4.3,14.2,16.3,0.3,0.3,0.6,0.052,-3.0,-0.8,-3.8,-0.2,
357.0,Rasheer Fleming,21.0,PHO,PF,48.0,0.0,549.0,10.8,0.515,0.613,0.162,10.2,12.1,11.1,2.8,1.4,3.3,8.9,15.7,0.2,0.6,0.8,0.071,-2.6,-1.0,-3.6,-0.2,
358.0,Dalen Terry,23.0,2TM,SG,47.0,0.0,546.0,11.6,0.522,0.429,0.188,5.0,11.5,8.2,16.2,2.5,2.4,13.5,14.8,0.2,0.6,0.7,0.063,-2.4,0.7,-1.7,0.0,
358.0,Dalen Terry,23.0,CHI,SG,34.0,0.0,377.0,11.6,0.539,0.451,0.167,5.5,12.5,9.0,15.0,2.7,2.5,16.1,14.5,0.1,0.4,0.5,0.06,-2.4,1.1,-1.3,0.1,
358.0,Dalen Terry,23.0,PHI,SG,13.0,0.0,169.0,11.4,0.489,0.385,0.231,3.8,9.2,6.5,18.7,2.0,2.2,8.0,15.5,0.1,0.1,0.2,0.068,-2.4,-0.2,-2.6,0.0,
359.0,Elijah Harkless,25.0,UTA,SG,26.0,9.0,545.0,9.1,0.471,0.547,0.398,2.0,8.7,5.3,17.8,2.7,1.1,12.1,16.3,-0.1,0.2,0.1,0.006,-5.0,-0.8,-5.8,-0.5,
360.0,Jase Richardson,20.0,ORL,SG,48.0,0.0,543.0,11.7,0.585,0.437,0.23,4.1,7.5,5.8,14.3,1.4,0.3,11.1,16.9,0.5,0.4,0.9,0.083,-1.6,-0.9,-2.5,-0.1,
361.0,Pete Nance,25.0,MIL,PF,40.0,2.0,542.0,12.1,0.668,0.594,0.043,4.4,15.3,9.9,8.6,0.8,1.8,11.3,13.0,0.7,0.3,0.9,0.083,-0.8,-1.2,-2.0,0.0,
362.0,Scoot Henderson,21.0,POR,PG,23.0,3.0,542.0,12.5,0.546,0.482,0.316,2.5,10.3,6.4,24.8,1.6,1.1,17.2,26.0,0.1,0.5,0.5,0.047,-2.1,-0.9,-3.0,-0.1,
363.0,Cole Anthony,25.0,MIL,PG,35.0,0.0,527.0,10.8,0.483,0.312,0.113,3.5,15.1,9.3,34.7,1.9,2.1,21.1,25.8,-0.9,0.4,-0.5,-0.043,-3.9,-0.9,-4.8,-0.4,
364.0,Jonathan Isaac,28.0,ORL,PF,52.0,0.0,521.0,11.7,0.498,0.349,0.532,9.1,19.3,14.1,5.6,1.9,5.4,11.8,12.4,0.1,0.8,0.9,0.084,-2.8,1.3,-1.6,0.1,
365.0,Sharife Cooper,24.0,WAS,PG,32.0,1.0,519.0,12.2,0.581,0.311,0.228,2.8,11.9,7.3,23.6,1.0,0.7,18.2,19.5,0.2,0.0,0.2,0.022,-2.2,-2.7,-4.8,-0.4,
366.0,Dalton Knecht,24.0,LAL,SF,48.0,1.0,509.0,9.4,0.55,0.58,0.115,3.1,12.3,7.8,4.4,1.0,1.8,9.9,17.4,-0.1,0.3,0.3,0.026,-2.6,-1.7,-4.3,-0.3,
367.0,D'Angelo Russell,29.0,DAL,PG,26.0,3.0,495.0,12.4,0.511,0.483,0.259,1.8,11.2,6.6,31.1,1.1,0.3,15.9,26.1,-0.3,0.3,0.0,-0.001,-0.7,-1.6,-2.3,0.0,
368.0,Jamison Battle,24.0,TOR,SF,55.0,2.0,494.0,10.3,0.633,0.61,0.088,4.3,15.7,9.9,6.0,0.7,0.6,11.9,13.9,0.4,0.5,0.8,0.08,-1.8,-1.1,-2.9,-0.1,
369.0,Devin Carter,23.0,SAC,PG,31.0,5.0,490.0,12.8,0.497,0.386,0.3,5.1,14.1,9.4,20.0,2.5,0.9,14.6,23.8,-0.3,0.3,-0.1,-0.008,-2.6,-1.2,-3.8,-0.2,
370.0,Keaton Wallace,26.0,ATL,PG,49.0,2.0,489.0,11.0,0.547,0.601,0.092,0.7,10.8,5.7,22.5,2.0,0.9,13.6,15.7,0.3,0.5,0.8,0.077,-2.3,0.3,-2.0,0.0,
371.0,Jahmai Mashack,23.0,MEM,SG,25.0,3.0,479.0,7.7,0.466,0.37,0.13,4.2,8.0,6.1,9.5,3.0,2.3,14.6,14.8,-0.5,0.4,0.0,-0.004,-5.6,-0.2,-5.8,-0.5,
372.0,Leonard Miller,22.0,2TM,SF,38.0,7.0,473.0,14.9,0.612,0.376,0.206,7.4,19.6,13.6,7.4,1.2,1.5,11.0,18.5,0.5,0.4,0.9,0.094,-1.1,-0.7,-1.8,0.0,
372.0,Leonard Miller,22.0,MIN,SF,19.0,0.0,95.0,12.2,0.581,0.364,0.333,8.3,20.3,14.4,7.6,2.0,0.0,19.2,20.8,0.0,0.1,0.1,0.05,-5.3,-0.6,-5.9,-0.1,
372.0,Leonard Miller,22.0,CHI,SF,19.0,7.0,378.0,15.5,0.62,0.38,0.175,7.2,19.4,13.4,7.3,1.0,1.8,8.7,17.9,0.5,0.3,0.8,0.105,-0.1,-0.8,-0.8,0.1,
373.0,Trayce Jackson-Davis,25.0,2TM,C,48.0,1.0,471.0,16.3,0.572,0.009,0.598,14.7,18.0,16.3,11.0,1.6,4.3,12.4,15.2,0.7,0.6,1.3,0.135,-0.8,0.3,-0.5,0.2,
373.0,Trayce Jackson-Davis,25.0,GSW,C,36.0,1.0,411.0,16.0,0.601,0.01,0.51,12.5,17.9,15.1,11.0,1.5,4.2,12.6,14.7,0.7,0.5,1.2,0.139,-1.0,0.6,-0.3,0.2,
373.0,Trayce Jackson-Davis,25.0,TOR,C,12.0,0.0,60.0,18.1,0.414,0.0,1.2,29.6,19.1,24.4,10.7,2.4,4.8,11.6,18.5,0.0,0.1,0.1,0.108,0.2,-1.9,-1.7,0.0,
374.0,Kam Jones,23.0,IND,SG,30.0,7.0,463.0,7.9,0.486,0.447,0.065,2.1,8.2,5.1,23.6,1.4,0.0,17.6,14.1,-0.2,0.1,0.0,-0.002,-4.5,-1.9,-6.4,-0.5,
375.0,Cam Christie,20.0,LAC,SG,49.0,0.0,454.0,10.0,0.5,0.377,0.385,4.8,14.0,9.5,9.1,1.8,0.6,11.6,16.8,-0.1,0.4,0.3,0.031,-3.0,-0.9,-3.9,-0.2,
376.0,Tyrese Proctor,21.0,CLE,PG,44.0,1.0,448.0,10.5,0.532,0.6,0.183,1.7,9.3,5.5,16.6,2.0,0.0,12.6,20.9,0.1,0.4,0.5,0.049,-3.2,-0.4,-3.6,-0.2,
377.0,Asa Newell,20.0,ATL,PF,40.0,1.0,445.0,13.6,0.628,0.463,0.168,8.9,10.9,9.9,6.2,1.6,2.7,11.6,17.0,0.5,0.5,1.0,0.104,-1.3,-0.5,-1.8,0.0,
378.0,Amir Coffey,28.0,2TM,SG,43.0,2.0,437.0,10.2,0.593,0.441,0.301,4.5,8.8,6.7,7.4,0.9,1.1,5.4,11.1,0.6,0.2,0.8,0.087,-2.1,-1.0,-3.1,-0.1,
378.0,Amir Coffey,28.0,MIL,SG,30.0,2.0,265.0,8.4,0.584,0.455,0.273,2.6,8.4,5.5,5.5,0.6,1.1,6.1,11.0,0.2,0.0,0.3,0.048,-3.3,-2.1,-5.4,-0.2,
378.0,Amir Coffey,28.0,PHO,SG,13.0,0.0,172.0,13.0,0.606,0.421,0.342,7.5,9.3,8.4,10.2,1.4,1.1,4.4,11.3,0.4,0.1,0.5,0.147,-0.4,0.7,0.4,0.1,
379.0,Ariel Hukporti,23.0,NYK,C,49.0,4.0,434.0,10.6,0.608,0.067,0.467,11.7,22.9,17.3,6.8,0.9,5.4,27.9,9.9,0.2,0.7,0.9,0.102,-4.2,1.7,-2.5,-0.1,
380.0,Bogdan Bogdanović,33.0,LAC,SG,21.0,3.0,429.0,8.2,0.507,0.603,0.177,1.7,13.2,7.6,16.7,1.2,0.2,14.6,18.4,-0.2,0.3,0.1,0.01,-2.9,-0.9,-3.9,-0.2,
381.0,Moussa Cisse,23.0,DAL,C,34.0,1.0,425.0,14.7,0.567,0.0,0.795,17.1,24.4,20.8,2.5,1.3,7.4,18.2,13.5,0.2,0.7,0.9,0.106,-4.0,1.0,-3.0,-0.1,
382.0,Yanic Konan Niederhäuser,22.0,LAC,C,41.0,0.0,424.0,16.4,0.691,0.05,0.62,10.5,21.3,16.1,4.1,0.6,6.7,15.3,15.7,0.8,0.5,1.3,0.152,-2.5,0.4,-2.2,0.0,
383.0,Jeremy Sochan,22.0,2TM,PF,40.0,0.0,424.0,11.1,0.549,0.328,0.172,8.1,15.3,11.7,10.5,1.7,1.3,13.8,14.4,0.3,0.6,0.9,0.102,-3.0,0.9,-2.1,0.0,
383.0,Jeremy Sochan,22.0,SAS,PF,28.0,0.0,358.0,9.7,0.538,0.354,0.162,8.0,13.8,11.0,10.2,1.3,1.2,14.5,14.6,0.1,0.5,0.6,0.084,-3.5,0.4,-3.0,-0.1,
383.0,Jeremy Sochan,22.0,NYK,PF,12.0,0.0,66.0,18.2,0.613,0.176,0.235,8.4,23.7,16.0,12.3,3.7,1.5,9.6,13.4,0.1,0.1,0.3,0.196,-0.6,3.2,2.6,0.1,
384.0,Ethan Thompson,26.0,IND,SG,24.0,6.0,417.0,7.0,0.482,0.625,0.142,3.1,8.6,5.8,11.4,1.7,1.2,11.2,14.6,-0.2,0.2,0.0,-0.001,-4.6,-0.2,-4.7,-0.3,
385.0,Tony Bradley,28.0,IND,C,38.0,3.0,416.0,13.1,0.604,0.019,0.406,14.3,13.7,14.0,6.9,0.7,1.4,12.0,14.5,0.7,0.2,0.9,0.1,-2.4,-1.7,-4.1,-0.2,
386.0,Terrence Shannon Jr.,25.0,MIN,SG,35.0,1.0,403.0,7.8,0.548,0.464,0.375,2.5,7.5,5.0,7.8,1.3,0.2,12.1,15.5,0.1,0.3,0.4,0.05,-4.2,-0.7,-5.0,-0.3,
387.0,Maxi Kleber,34.0,LAL,PF,37.0,1.0,395.0,8.5,0.537,0.355,0.387,8.6,12.4,10.5,7.3,1.9,2.4,16.2,9.6,0.2,0.4,0.6,0.071,-3.9,0.5,-3.4,-0.1,
388.0,Myron Gardner,24.0,MIA,SF,40.0,7.0,394.0,15.4,0.606,0.542,0.22,9.6,20.8,15.2,13.4,2.4,1.6,9.8,14.8,0.8,0.6,1.4,0.172,-0.8,2.0,1.2,0.3,
389.0,Moritz Wagner,28.0,ORL,C,31.0,0.0,393.0,15.4,0.547,0.373,0.401,7.0,22.4,14.6,8.9,1.7,0.2,7.5,24.4,0.4,0.5,0.9,0.107,-1.5,-1.0,-2.5,-0.1,
390.0,Trae Young,27.0,2TM,PG,15.0,15.0,384.0,21.2,0.612,0.452,0.548,1.1,7.4,4.2,45.9,1.6,0.5,15.1,28.1,1.2,0.2,1.4,0.173,4.3,-1.5,2.8,0.5,
390.0,Trae Young,27.0,ATL,PG,10.0,10.0,280.0,19.9,0.577,0.437,0.541,0.0,5.9,2.9,45.3,1.7,0.3,13.5,28.8,0.7,0.2,0.9,0.16,3.5,-1.8,1.7,0.3,
390.0,Trae Young,27.0,WAS,PG,5.0,5.0,104.0,24.6,0.723,0.5,0.571,4.1,11.4,7.7,47.6,1.4,0.8,19.8,26.4,0.4,0.0,0.4,0.207,6.3,-0.7,5.7,0.2,
391.0,Branden Carlson,26.0,OKC,C,37.0,2.0,381.0,15.6,0.597,0.459,0.126,7.1,19.1,13.3,7.8,0.8,4.7,8.4,17.6,0.5,0.7,1.2,0.151,-0.4,0.3,-0.2,0.2,
392.0,Marcus Sasser,25.0,DET,PG,30.0,5.0,379.0,11.9,0.547,0.613,0.099,1.8,7.8,4.8,22.2,2.5,0.5,14.9,19.1,0.2,0.5,0.8,0.099,-1.7,0.3,-1.4,0.1,
393.0,Taurean Prince,31.0,MIL,SF,18.0,3.0,371.0,7.2,0.557,0.723,0.05,0.9,11.8,6.4,6.6,1.3,0.5,10.4,13.7,0.0,0.2,0.1,0.015,-3.9,-1.7,-5.5,-0.3,
394.0,Julian Phillips,22.0,2TM,SF,44.0,2.0,371.0,10.1,0.545,0.545,0.172,6.4,6.8,6.6,3.2,2.7,1.6,7.0,12.9,0.2,0.3,0.5,0.068,-2.5,0.4,-2.1,0.0,
394.0,Julian Phillips,22.0,CHI,SF,35.0,2.0,334.0,9.3,0.533,0.557,0.125,7.1,6.9,7.0,2.7,2.4,1.6,7.0,12.5,0.1,0.3,0.4,0.055,-2.9,0.0,-2.8,-0.1,
394.0,Julian Phillips,22.0,MIN,SF,9.0,0.0,37.0,17.7,0.623,0.455,0.545,0.0,5.8,3.0,7.3,5.2,2.4,6.8,16.7,0.1,0.1,0.1,0.18,0.7,4.1,4.8,0.1,
395.0,AJ Johnson,21.0,2TM,SG,41.0,0.0,363.0,4.6,0.397,0.336,0.176,2.6,10.9,6.8,13.6,1.2,0.5,14.5,19.1,-0.9,0.1,-0.8,-0.101,-6.6,-2.2,-8.9,-0.6,
395.0,AJ Johnson,21.0,WAS,SG,25.0,0.0,214.0,4.4,0.396,0.301,0.145,3.9,11.6,7.7,13.9,1.6,0.0,16.9,20.8,-0.6,0.0,-0.6,-0.133,-7.2,-3.3,-10.5,-0.5,
395.0,AJ Johnson,21.0,DAL,SG,16.0,0.0,149.0,4.9,0.397,0.396,0.229,0.7,9.8,5.4,13.1,0.6,1.1,10.2,16.6,-0.3,0.1,-0.2,-0.054,-5.8,-0.7,-6.5,-0.2,
396.0,Jeremiah Robinson-Earl,25.0,2TM,PF,22.0,3.0,361.0,9.4,0.468,0.41,0.18,10.6,20.6,15.5,5.6,1.2,0.2,10.0,14.1,0.0,0.2,0.2,0.029,-3.4,-1.8,-5.2,-0.3,
396.0,Jeremiah Robinson-Earl,25.0,IND,PF,17.0,3.0,300.0,8.7,0.443,0.398,0.169,11.3,20.9,16.0,5.4,1.1,0.3,10.1,14.0,-0.1,0.2,0.1,0.014,-3.5,-1.9,-5.5,-0.3,
396.0,Jeremiah Robinson-Earl,25.0,DAL,PF,5.0,0.0,61.0,13.0,0.586,0.471,0.235,7.1,18.9,13.1,6.7,1.5,0.0,9.6,14.3,0.1,0.1,0.1,0.1,-3.0,-1.1,-4.1,0.0,
397.0,Kelly Olynyk,34.0,SAS,C,41.0,0.0,357.0,13.6,0.595,0.484,0.4,7.4,14.7,11.1,17.9,2.0,0.8,17.7,16.0,0.4,0.5,1.0,0.133,-1.2,1.2,0.0,0.2,
398.0,Larry Nance Jr.,33.0,CLE,PF,30.0,2.0,357.0,9.0,0.49,0.541,0.071,7.7,15.7,11.7,9.9,2.0,1.1,12.2,13.6,0.1,0.4,0.5,0.064,-4.0,0.6,-3.4,-0.1,
399.0,Cam Whitmore,21.0,WAS,SF,21.0,0.0,354.0,13.8,0.528,0.331,0.183,5.7,11.9,8.7,6.5,2.0,2.0,9.0,23.7,-0.1,0.1,0.0,0.002,-1.1,-2.1,-3.2,-0.1,
400.0,Liam McNeeley,20.0,CHO,SF,29.0,0.0,352.0,9.8,0.578,0.648,0.363,3.6,17.3,10.6,8.7,0.7,0.8,11.0,14.2,0.4,0.3,0.7,0.098,-1.8,-0.1,-1.9,0.0,
401.0,Cameron Payne,31.0,PHI,PG,20.0,1.0,352.0,14.8,0.517,0.657,0.14,0.9,11.1,5.9,22.6,3.3,1.6,6.8,19.5,0.4,0.4,0.8,0.107,-0.3,1.0,0.7,0.2,
402.0,Taelon Peter,23.0,IND,SG,31.0,0.0,348.0,8.9,0.518,0.866,0.116,1.8,11.6,6.6,12.8,2.3,1.0,14.5,16.8,-0.3,0.2,0.0,-0.004,-3.4,-0.7,-4.1,-0.2,
403.0,Isaiah Livers,27.0,PHO,PF,36.0,0.0,347.0,7.6,0.469,0.625,0.188,5.9,13.9,9.7,7.7,1.9,2.2,14.8,10.0,0.0,0.4,0.4,0.055,-3.7,1.1,-2.5,0.0,
404.0,Blake Wesley,22.0,POR,SG,26.0,0.0,341.0,11.4,0.527,0.292,0.363,2.2,8.7,5.4,26.2,2.2,1.3,18.1,19.0,0.0,0.3,0.4,0.051,-3.1,0.1,-3.0,-0.1,
405.0,Ty Jerome,28.0,MEM,SG,15.0,15.0,339.0,25.7,0.616,0.465,0.26,3.5,10.0,6.7,44.6,2.2,1.1,10.1,32.7,1.2,0.2,1.4,0.198,8.2,-0.6,7.6,0.8,
406.0,Dejounte Murray,29.0,NOP,PG,12.0,12.0,333.0,18.4,0.584,0.361,0.266,1.0,19.7,10.2,36.5,2.9,0.6,18.9,27.3,0.2,0.4,0.6,0.081,0.9,0.6,1.4,0.3,
407.0,Christian Koloko,25.0,3TM,C,25.0,4.0,331.0,9.0,0.448,0.104,0.149,9.0,14.6,11.8,6.5,2.0,6.1,15.4,10.6,-0.1,0.4,0.3,0.046,-5.5,1.5,-4.0,-0.2,
407.0,Christian Koloko,25.0,LAL,C,2.0,0.0,6.0,-0.3,,,,0.0,19.0,9.8,0.0,0.0,0.0,,0.0,0.0,0.0,0.0,0.024,-6.7,-1.7,-8.4,0.0,
407.0,Christian Koloko,25.0,MEM,C,11.0,2.0,195.0,9.0,0.394,0.029,0.114,10.4,14.0,12.2,6.5,2.4,6.2,16.0,9.3,-0.1,0.2,0.1,0.036,-4.8,1.7,-3.0,0.0,
407.0,Christian Koloko,25.0,ATL,C,12.0,2.0,130.0,9.3,0.505,0.188,0.188,7.4,15.2,11.3,6.8,1.5,6.3,14.8,13.0,0.0,0.2,0.2,0.064,-6.5,1.3,-5.3,-0.1,
408.0,Khaman Maluach,19.0,PHO,C,39.0,0.0,324.0,12.3,0.602,0.182,0.325,10.6,20.9,15.6,2.6,0.6,6.8,20.7,14.6,0.1,0.5,0.5,0.076,-4.4,0.0,-4.4,-0.2,
409.0,Matisse Thybulle,28.0,POR,SG,23.0,0.0,323.0,15.0,0.592,0.688,0.226,4.3,10.2,7.2,7.7,6.5,3.0,16.4,15.3,0.1,0.7,0.9,0.129,-2.0,6.3,4.3,0.5,
410.0,Nick Smith Jr.,21.0,LAL,SG,25.0,1.0,318.0,9.2,0.53,0.519,0.083,0.8,6.4,3.7,12.6,1.4,0.6,12.1,21.5,-0.2,0.2,0.0,-0.004,-2.9,-2.3,-5.2,-0.3,
411.0,Jae'Sean Tate,30.0,HOU,SF,38.0,0.0,314.0,10.3,0.569,0.337,0.108,8.2,9.4,8.8,7.3,1.4,0.9,12.1,13.3,0.3,0.3,0.6,0.091,-3.3,-0.4,-3.7,-0.1,
412.0,Jamal Cain,26.0,ORL,SF,31.0,1.0,314.0,12.2,0.589,0.471,0.269,7.0,10.8,8.9,8.2,1.1,0.6,8.6,17.2,0.4,0.2,0.7,0.102,-1.0,-1.5,-2.6,0.0,
413.0,Jayson Tatum,27.0,BOS,PF,10.0,10.0,310.0,17.5,0.511,0.509,0.246,2.5,30.6,16.7,18.7,2.0,0.3,10.2,30.2,0.1,0.6,0.6,0.098,1.0,1.0,2.0,0.3,
414.0,Doug McDermott,34.0,SAC,SF,22.0,0.0,309.0,9.1,0.604,0.906,0.021,1.4,7.1,4.1,6.2,0.6,0.9,8.5,14.6,0.2,0.0,0.1,0.023,-1.0,-2.9,-4.0,-0.2,
415.0,Yang Hansen,20.0,POR,C,40.0,1.0,286.0,3.7,0.411,0.421,0.316,7.1,16.1,11.5,10.4,0.5,2.8,21.7,19.6,-0.7,0.3,-0.5,-0.077,-8.6,-0.7,-9.3,-0.5,
416.0,Oscar Tshiebwe,26.0,UTA,C,20.0,1.0,286.0,19.6,0.644,0.0,0.375,18.3,21.7,19.9,11.1,1.6,1.0,9.7,14.9,0.8,0.1,0.9,0.157,1.2,-2.7,-1.4,0.0,
417.0,Zach Edey,23.0,MEM,C,11.0,11.0,284.0,20.7,0.669,0.051,0.327,16.2,30.5,23.2,6.6,1.2,6.9,18.8,20.2,0.4,0.4,0.8,0.141,-0.6,1.2,0.6,0.2,
418.0,Lindy Waters III,28.0,SAS,SG,39.0,0.0,280.0,7.2,0.527,0.895,0.035,1.2,9.4,5.4,8.7,0.9,0.3,7.4,14.2,0.1,0.3,0.3,0.059,-3.0,-0.5,-3.6,-0.1,
419.0,Brooks Barnhizer,23.0,OKC,SG,36.0,0.0,278.0,6.9,0.446,0.34,0.12,5.7,18.3,12.2,7.9,1.0,1.4,13.2,9.4,0.0,0.5,0.4,0.077,-4.0,1.2,-2.8,-0.1,
420.0,Obi Toppin,27.0,IND,PF,16.0,3.0,277.0,17.3,0.617,0.571,0.218,3.4,23.9,13.4,20.1,1.5,0.3,13.3,23.1,0.3,0.2,0.5,0.091,1.6,-0.3,1.3,0.2,
421.0,Bez Mbeng,22.0,UTA,SG,9.0,3.0,277.0,7.1,0.479,0.375,0.275,4.6,8.4,6.5,13.4,2.6,1.4,21.1,8.5,0.0,0.1,0.1,0.014,-6.1,-0.4,-6.5,-0.3,
422.0,Malaki Branham,22.0,WAS,SG,28.0,0.0,275.0,14.1,0.604,0.407,0.374,4.6,12.6,8.5,11.8,1.7,1.0,12.4,18.4,0.3,0.1,0.4,0.068,-0.8,-1.5,-2.2,0.0,
423.0,Andre Jackson Jr.,24.0,MIL,SG,40.0,0.0,270.0,6.9,0.411,0.584,0.208,8.0,11.2,9.6,16.5,2.4,0.7,19.2,17.1,-0.4,0.2,-0.2,-0.037,-5.3,-1.4,-6.7,-0.3,
424.0,Killian Hayes,24.0,SAC,PG,16.0,3.0,263.0,7.7,0.416,0.462,0.108,0.8,15.7,8.1,26.9,1.5,1.0,14.9,18.5,-0.3,0.1,-0.3,-0.046,-5.4,-1.7,-7.1,-0.3,
425.0,Jordan McLaughlin,29.0,SAS,PG,40.0,0.0,262.0,11.1,0.532,0.534,0.068,2.1,8.8,5.5,17.5,3.3,0.7,16.6,14.5,0.0,0.4,0.5,0.086,-2.4,2.2,-0.2,0.1,
426.0,Pat Connaughton,33.0,CHO,SG,35.0,0.0,260.0,13.5,0.588,0.615,0.231,5.3,17.0,11.3,9.1,1.9,0.4,9.5,15.4,0.3,0.3,0.6,0.12,0.1,0.4,0.5,0.2,
427.0,Duop Reath,29.0,POR,C,32.0,0.0,258.0,10.6,0.613,0.743,0.081,4.1,11.9,7.9,5.4,0.9,2.8,8.4,13.1,0.3,0.2,0.5,0.1,-0.9,-0.1,-1.0,0.1,
428.0,Leaky Black,26.0,WAS,SF,8.0,4.0,258.0,9.8,0.58,0.5,0.107,3.7,15.1,9.3,7.6,1.3,2.4,9.3,10.5,0.2,0.1,0.3,0.052,-2.3,-1.0,-3.3,-0.1,
429.0,Tyler Burton,25.0,MEM,SF,10.0,0.0,256.0,8.9,0.495,0.598,0.272,3.3,15.0,9.1,5.8,1.9,1.5,8.0,18.2,-0.1,0.2,0.1,0.023,-4.0,-1.5,-5.5,-0.2,
430.0,Kevon Looney,29.0,NOP,C,18.0,6.0,251.0,13.6,0.468,0.173,0.154,17.9,23.5,20.7,12.8,1.1,3.4,12.6,10.6,0.3,0.2,0.6,0.106,-1.4,-0.7,-2.2,0.0,
431.0,Ron Harper Jr.,25.0,BOS,SF,24.0,2.0,248.0,10.7,0.52,0.795,0.026,6.3,10.0,8.1,8.1,0.8,3.3,6.0,14.7,0.2,0.3,0.5,0.096,-0.7,0.3,-0.4,0.1,
432.0,KJ Simpson,23.0,2TM,PG,17.0,2.0,246.0,8.6,0.428,0.406,0.188,3.8,11.7,7.8,24.1,3.2,0.0,18.8,22.0,-0.4,0.3,-0.1,-0.018,-5.0,0.5,-4.5,-0.2,
432.0,KJ Simpson,23.0,CHO,PG,14.0,2.0,223.0,7.8,0.437,0.438,0.18,2.6,11.9,7.3,22.1,3.3,0.0,20.0,22.7,-0.5,0.3,-0.2,-0.034,-5.6,0.3,-5.4,-0.2,
432.0,KJ Simpson,23.0,DEN,PG,3.0,0.0,23.0,16.5,0.317,0.0,0.286,15.4,9.4,12.2,43.4,2.1,0.0,0.0,14.9,0.1,0.0,0.1,0.138,0.7,2.8,3.5,0.0,
433.0,Bronny James,21.0,LAL,SG,34.0,1.0,242.0,10.0,0.513,0.449,0.072,2.0,5.6,3.9,21.2,2.6,1.2,16.4,15.3,0.0,0.2,0.2,0.046,-2.4,-0.5,-2.9,-0.1,
434.0,Chris Paul,40.0,LAC,PG,16.0,0.0,228.0,8.1,0.413,0.536,0.036,3.2,10.9,7.2,30.7,2.4,0.0,22.0,14.2,-0.1,0.2,0.1,0.017,-4.0,-0.2,-4.2,-0.1,
435.0,Chaney Johnson,23.0,BRK,SF,11.0,0.0,224.0,14.6,0.633,0.382,0.436,9.9,14.2,11.9,17.9,2.2,2.1,17.6,15.5,0.4,0.2,0.6,0.119,-0.9,1.0,0.0,0.1,
436.0,Joan Beringer,19.0,MIN,PF,34.0,1.0,223.0,18.0,0.645,0.0,0.318,16.1,15.4,15.7,5.2,1.1,5.5,9.6,15.7,0.5,0.3,0.8,0.182,-1.3,0.1,-1.2,0.0,
437.0,Chaz Lanier,24.0,DET,SG,28.0,0.0,217.0,8.7,0.483,0.767,0.082,3.6,6.6,5.1,8.8,1.6,0.0,2.6,14.8,0.1,0.2,0.4,0.085,-2.5,-0.8,-3.3,-0.1,
438.0,Blake Hinson,26.0,UTA,SF,11.0,1.0,214.0,15.3,0.711,0.74,0.156,4.0,8.3,6.1,6.1,0.2,0.9,2.4,16.3,0.6,-0.1,0.5,0.112,2.6,-3.3,-0.6,0.1,
439.0,PJ Hall,23.0,2TM,C,19.0,2.0,214.0,15.8,0.599,0.085,0.492,17.6,21.7,19.7,6.6,0.7,4.3,18.2,17.3,0.3,0.3,0.6,0.125,-1.6,-0.8,-2.3,0.0,
439.0,PJ Hall,23.0,MEM,C,7.0,0.0,27.0,18.9,0.63,0.333,0.333,11.9,24.3,18.0,10.9,0.0,6.9,8.8,17.4,0.1,0.0,0.1,0.158,1.8,0.1,1.8,0.0,
439.0,PJ Hall,23.0,CHO,C,12.0,2.0,187.0,15.4,0.594,0.04,0.52,18.4,21.3,19.9,6.0,0.8,3.9,19.6,17.2,0.2,0.2,0.5,0.12,-2.1,-0.9,-2.9,0.0,
440.0,LJ Cryer,24.0,GSW,PG,14.0,0.0,213.0,11.1,0.622,0.821,0.143,2.0,11.1,6.5,7.5,0.5,0.0,9.2,19.5,0.2,0.1,0.3,0.072,-0.6,-2.7,-3.4,-0.1,
441.0,Scotty Pippen Jr.,25.0,MEM,PG,10.0,6.0,212.0,14.8,0.537,0.333,0.24,4.0,7.2,5.6,33.6,4.2,1.8,20.3,26.1,-0.1,0.3,0.1,0.033,-2.6,-0.2,-2.8,0.0,
442.0,Keshad Johnson,24.0,MIA,SF,27.0,0.0,210.0,13.2,0.543,0.463,0.305,9.3,15.3,12.3,2.6,2.2,3.0,11.4,20.3,0.0,0.3,0.3,0.071,-2.5,-0.1,-2.6,0.0,
443.0,Jonathan Mogbo,24.0,TOR,PF,33.0,0.0,203.0,12.7,0.576,0.0,0.308,10.4,19.7,15.0,11.5,2.2,2.8,18.4,11.4,0.2,0.3,0.5,0.115,-2.8,1.0,-1.7,0.0,
444.0,DeAndre Jordan,37.0,NOP,C,12.0,7.0,199.0,15.8,0.671,0.0,0.531,14.0,27.5,20.6,7.2,1.0,4.8,18.6,10.2,0.3,0.2,0.6,0.136,-0.4,0.2,-0.2,0.1,
445.0,DaRon Holmes,23.0,DEN,PF,20.0,6.0,196.0,12.0,0.682,0.732,0.196,3.6,13.2,8.6,11.0,0.0,1.9,15.3,15.9,0.3,0.1,0.4,0.087,0.0,-1.6,-1.6,0.0,
446.0,Garrison Mathews,29.0,IND,SG,15.0,1.0,196.0,11.3,0.628,0.885,0.442,1.1,8.6,4.7,7.0,1.5,1.3,4.6,14.1,0.3,0.1,0.4,0.096,-1.3,-0.1,-1.4,0.0,
447.0,Lachlan Olbrich,22.0,CHI,C,29.0,0.0,195.0,10.3,0.514,0.25,0.611,11.1,20.4,15.8,12.4,1.4,1.3,16.5,11.7,0.1,0.2,0.3,0.072,-3.8,0.1,-3.7,-0.1,
448.0,Nigel Hayes-Davis,31.0,PHO,SF,27.0,0.0,195.0,4.2,0.356,0.348,0.087,6.6,12.3,9.4,4.6,2.0,1.0,14.3,12.2,-0.3,0.2,-0.1,-0.025,-6.4,-0.9,-7.3,-0.3,
449.0,Tyson Etienne,26.0,BRK,PG,17.0,0.0,189.0,12.0,0.625,0.822,0.219,1.2,6.5,3.7,15.4,1.0,0.0,10.1,20.5,0.3,0.0,0.3,0.077,0.2,-2.2,-2.0,0.0,
450.0,MarJon Beauchamp,25.0,PHI,SF,11.0,1.0,187.0,12.8,0.553,0.616,0.233,3.5,14.9,9.1,10.8,2.3,2.0,13.9,21.1,0.0,0.2,0.2,0.046,-1.0,-1.0,-2.0,0.0,
451.0,JD Davison,23.0,HOU,PG,25.0,0.0,184.0,9.7,0.474,0.519,0.167,1.2,12.5,6.9,20.0,1.4,2.0,10.8,14.8,0.1,0.2,0.3,0.074,-3.0,0.8,-2.2,0.0,
452.0,Zach Collins,28.0,CHI,C,10.0,0.0,184.0,17.9,0.666,0.328,0.313,9.4,22.8,16.2,12.0,0.5,1.9,12.1,18.8,0.4,0.1,0.5,0.139,1.0,-0.7,0.3,0.1,
453.0,Chris Youngblood,23.0,2TM,SG,33.0,0.0,183.0,10.6,0.527,0.857,0.159,4.3,11.9,8.3,8.7,1.1,1.6,2.9,16.4,0.2,0.3,0.5,0.118,-2.0,-0.2,-2.3,0.0,
453.0,Chris Youngblood,23.0,OKC,SG,32.0,0.0,174.0,10.0,0.505,0.85,0.167,4.5,12.6,8.7,8.2,1.1,1.7,3.0,16.5,0.1,0.3,0.4,0.11,-2.6,-0.3,-2.9,0.0,
453.0,Chris Youngblood,23.0,POR,SG,1.0,0.0,9.0,22.3,1.0,1.0,0.0,0.0,0.0,0.0,17.8,0.0,0.0,0.0,13.5,0.1,0.0,0.1,0.288,8.8,1.5,10.2,0.0,
454.0,RayJ Dennis,24.0,3TM,PG,16.0,0.0,180.0,6.5,0.416,0.534,0.123,4.7,9.4,7.0,22.8,1.1,1.9,16.3,21.7,-0.4,0.1,-0.3,-0.08,-4.1,-1.0,-5.1,-0.1,
454.0,RayJ Dennis,24.0,IND,PG,13.0,0.0,168.0,6.5,0.421,0.528,0.125,5.1,8.7,6.8,21.8,0.9,2.0,15.6,22.7,-0.4,0.1,-0.3,-0.086,-3.9,-1.4,-5.3,-0.1,
454.0,RayJ Dennis,24.0,LAC,PG,1.0,0.0,4.0,-6.0,,,,0.0,56.6,29.1,0.0,0.0,0.0,100.0,11.1,0.0,0.0,0.0,-0.273,-15.4,-0.3,-15.7,0.0,
454.0,RayJ Dennis,24.0,ATL,PG,2.0,0.0,8.0,13.8,0.0,1.0,0.0,0.0,0.0,0.0,55.4,5.9,0.0,0.0,5.2,0.0,0.0,0.0,0.162,-1.7,5.6,3.8,0.0,
455.0,Drew Timme,25.0,LAL,PF,21.0,0.0,179.0,14.3,0.666,0.373,0.137,6.1,11.5,8.8,12.6,1.4,0.0,11.5,14.9,0.3,0.1,0.5,0.121,0.4,-1.2,-0.9,0.1,
456.0,DeJon Jarreau,28.0,MEM,SG,9.0,0.0,178.0,11.1,0.486,0.373,0.239,6.6,18.5,12.5,23.9,2.1,2.1,19.6,21.5,-0.2,0.2,0.0,0.003,-3.7,-0.2,-3.9,-0.1,
457.0,Julian Reese,22.0,WAS,PF,6.0,5.0,178.0,15.9,0.683,0.0,0.512,14.2,24.2,19.2,7.1,1.6,1.5,22.2,15.9,0.2,0.1,0.4,0.097,-2.1,-1.8,-4.0,-0.1,
458.0,E.J. Liddell,25.0,BRK,PF,19.0,0.0,173.0,7.8,0.478,0.604,0.104,3.8,19.8,11.4,11.2,0.9,3.7,12.2,14.4,-0.1,0.1,0.0,0.007,-4.4,-0.7,-5.1,-0.1,
459.0,Malevy Leons,26.0,GSW,SF,19.0,1.0,169.0,11.6,0.484,0.289,0.178,13.6,10.0,11.8,8.0,2.3,3.8,11.0,13.6,0.1,0.2,0.3,0.084,-3.4,-0.1,-3.6,-0.1,
460.0,Andersson Garcia,25.0,UTA,SF,5.0,2.0,169.0,8.4,0.394,0.448,0.31,10.7,16.4,13.5,10.1,2.2,2.3,17.5,9.8,0.0,0.1,0.1,0.015,-5.3,-0.7,-5.9,-0.2,
461.0,Hunter Tyson,25.0,DEN,PF,21.0,2.0,162.0,6.4,0.398,0.635,0.25,2.9,21.2,12.5,13.1,0.6,0.6,8.0,16.8,-0.2,0.1,-0.1,-0.015,-5.3,-1.6,-6.9,-0.2,
462.0,Xavier Tillman Sr.,27.0,2TM,C,25.0,1.0,155.0,10.5,0.431,0.425,0.1,13.1,14.0,13.5,9.2,2.6,1.9,14.4,13.5,0.0,0.2,0.2,0.064,-3.0,0.6,-2.4,0.0,
462.0,Xavier Tillman Sr.,27.0,BOS,C,14.0,1.0,111.0,11.2,0.5,0.484,0.0,10.0,14.5,12.3,6.1,2.7,1.8,13.9,14.1,0.0,0.2,0.2,0.08,-2.2,1.0,-1.2,0.0,
462.0,Xavier Tillman Sr.,27.0,CHO,C,11.0,0.0,44.0,8.6,0.232,0.222,0.444,20.9,12.6,16.6,17.0,2.2,2.1,15.7,12.2,0.0,0.1,0.0,0.022,-5.1,-0.3,-5.4,0.0,
463.0,Kennedy Chandler,23.0,UTA,PG,5.0,0.0,154.0,14.8,0.563,0.304,0.357,0.0,10.8,5.3,33.6,1.8,0.0,12.2,19.8,0.2,0.0,0.2,0.073,-1.9,-2.8,-4.7,-0.1,
464.0,Walker Kessler,24.0,UTA,C,5.0,5.0,154.0,20.7,0.786,0.216,0.541,15.9,22.3,19.0,13.9,2.1,5.7,25.9,16.6,0.3,0.1,0.5,0.15,1.6,1.7,3.3,0.2,
465.0,Mason Plumlee,35.0,2TM,C,18.0,2.0,150.0,13.9,0.757,0.0,1.077,12.1,24.9,18.6,16.1,2.9,0.0,36.5,8.5,0.2,0.3,0.5,0.155,-1.7,2.9,1.2,0.1,
465.0,Mason Plumlee,35.0,CHO,C,14.0,2.0,125.0,13.5,0.752,0.0,1.0,9.2,26.5,18.0,16.5,2.4,0.0,34.2,8.9,0.2,0.2,0.4,0.141,-1.5,2.6,1.1,0.1,
465.0,Mason Plumlee,35.0,SAS,C,4.0,0.0,25.0,16.0,0.798,0.0,2.0,26.5,16.8,21.5,14.0,5.8,0.0,51.5,6.5,0.1,0.1,0.1,0.225,-2.4,4.2,1.8,0.0,
466.0,Max Strus,29.0,CLE,SF,6.0,0.0,144.0,17.7,0.726,0.837,0.122,6.1,23.6,14.9,11.5,1.0,0.0,8.8,16.5,0.4,0.2,0.6,0.196,3.4,-0.7,2.8,0.2,
467.0,Jeff Green,39.0,HOU,PF,26.0,0.0,138.0,11.0,0.533,0.685,0.056,4.1,11.1,7.6,5.1,0.4,0.7,1.8,17.2,0.2,0.1,0.3,0.101,-0.9,-2.3,-3.2,0.0,
468.0,Malachi Smith,26.0,BRK,SG,7.0,0.0,135.0,13.7,0.63,0.368,0.053,4.1,10.0,6.9,20.0,2.2,2.1,18.8,15.4,0.1,0.1,0.2,0.07,0.1,0.0,0.1,0.1,
469.0,Miles Kelly,23.0,DAL,PG,14.0,0.0,134.0,8.2,0.484,0.75,0.023,4.0,14.8,9.5,12.0,1.4,0.6,11.9,15.8,-0.1,0.1,0.0,0.016,-4.5,-0.5,-5.0,-0.1,
470.0,Nate Williams,26.0,GSW,SG,10.0,0.0,134.0,13.8,0.645,0.319,0.277,9.8,4.2,7.0,10.1,1.1,0.0,13.2,19.2,0.2,0.1,0.3,0.105,-0.7,-2.0,-2.8,0.0,
471.0,Bismack Biyombo,33.0,SAS,C,23.0,1.0,133.0,4.3,0.615,0.0,0.5,4.1,15.0,9.7,4.5,1.4,0.7,29.1,7.6,0.0,0.2,0.2,0.059,-7.3,1.3,-6.0,-0.1,
472.0,Jalen Slawson,26.0,IND,SF,6.0,2.0,132.0,13.1,0.514,0.576,0.273,3.2,16.1,9.5,16.2,3.2,5.2,11.9,13.5,0.1,0.2,0.2,0.085,-1.8,1.8,-0.1,0.1,
473.0,Kevin McCullar Jr.,24.0,NYK,SF,20.0,0.0,130.0,8.4,0.471,0.5,0.139,8.5,13.8,11.1,18.7,2.7,0.0,23.9,16.5,-0.1,0.2,0.1,0.03,-4.6,0.7,-3.9,-0.1,
474.0,Yuki Kawamura,24.0,CHI,PG,11.0,0.0,121.0,12.6,0.555,0.667,0.542,4.5,13.9,9.2,32.6,2.3,0.0,27.0,14.1,0.1,0.1,0.2,0.088,-2.4,-0.6,-3.1,0.0,
475.0,Bradley Beal,32.0,LAC,SG,6.0,6.0,121.0,5.1,0.476,0.396,0.167,2.0,2.8,2.4,12.0,1.2,0.0,14.9,22.2,-0.2,0.0,-0.2,-0.07,-6.7,-3.9,-10.5,-0.3,
476.0,Amari Williams,24.0,BOS,PF,19.0,2.0,120.0,9.6,0.539,0.0,0.706,7.4,20.6,14.1,8.3,0.8,7.6,26.4,10.9,0.0,0.2,0.2,0.074,-4.9,2.6,-2.3,0.0,
477.0,A.J. Lawson,25.0,TOR,SG,15.0,0.0,115.0,11.7,0.545,0.537,0.22,6.8,17.9,12.3,3.5,1.7,2.5,8.2,18.2,0.1,0.2,0.2,0.09,-2.5,-0.4,-2.9,0.0,
478.0,Dereck Lively II,21.0,DAL,C,7.0,4.0,115.0,15.0,0.67,0.0,0.556,13.2,20.9,17.1,14.7,1.6,8.1,30.9,11.8,0.1,0.2,0.3,0.131,-3.0,3.6,0.7,0.1,
479.0,Kyle Lowry,39.0,PHI,PG,13.0,0.0,113.0,3.0,0.375,1.0,0.3,0.0,8.9,4.4,11.8,0.9,1.7,15.0,9.9,-0.1,0.1,-0.1,-0.024,-7.0,-1.7,-8.8,-0.2,
480.0,Thanasis Antetokounmpo,33.0,MIL,SF,30.0,0.0,110.0,15.5,0.551,0.087,1.043,10.3,17.3,13.8,10.9,4.5,4.6,19.2,16.7,0.0,0.2,0.2,0.098,-3.0,2.0,-1.0,0.0,
481.0,Adou Thiero,21.0,LAL,SF,20.0,0.0,107.0,9.4,0.532,0.045,0.545,7.9,13.8,11.0,7.2,2.3,1.7,15.5,13.2,0.0,0.1,0.1,0.066,-5.1,-0.1,-5.2,-0.1,
482.0,Alijah Martin,24.0,TOR,SG,17.0,0.0,105.0,11.9,0.487,0.412,0.471,7.4,8.7,8.1,10.0,3.3,2.8,10.9,18.8,0.0,0.2,0.2,0.071,-2.9,1.4,-1.5,0.0,
483.0,Luke Travers,24.0,CLE,SG,12.0,0.0,103.0,10.3,0.35,0.444,0.25,9.6,16.0,12.8,10.8,3.3,3.7,7.0,17.5,-0.1,0.2,0.1,0.025,-4.2,1.0,-3.3,0.0,
484.0,Joe Ingles,38.0,MIN,SF,25.0,0.0,102.0,9.9,0.684,0.615,0.154,0.0,9.5,4.8,24.2,3.3,0.9,39.3,9.5,0.0,0.1,0.2,0.081,-2.9,2.4,-0.5,0.0,
485.0,Patrick Baldwin Jr.,23.0,3TM,SF,9.0,1.0,102.0,11.8,0.549,0.519,0.259,12.7,12.3,12.6,6.4,1.4,4.5,14.3,14.7,0.0,0.1,0.1,0.049,-3.0,-1.6,-4.6,-0.1,
485.0,Patrick Baldwin Jr.,23.0,LAC,SF,2.0,0.0,12.0,23.7,1.025,0.75,0.5,0.0,9.4,4.9,0.0,0.0,0.0,17.0,21.7,0.1,0.0,0.1,0.214,5.2,-0.4,4.8,0.0,
485.0,Patrick Baldwin Jr.,23.0,PHI,SF,1.0,0.0,2.0,6.3,,,,0.0,55.6,27.4,0.0,0.0,0.0,,0.0,0.0,0.0,0.0,0.083,-5.0,-3.1,-8.1,0.0,
485.0,Patrick Baldwin Jr.,23.0,SAC,SF,6.0,1.0,88.0,10.3,0.456,0.478,0.217,14.8,11.8,13.3,7.4,1.6,5.2,13.7,14.1,0.0,0.0,0.0,0.026,-4.1,-1.7,-5.8,-0.1,
486.0,Alondes Williams,26.0,WAS,SG,4.0,0.0,101.0,19.1,0.745,0.538,0.308,5.2,21.4,13.2,16.8,1.4,2.6,14.5,14.3,0.3,0.1,0.3,0.159,1.4,-0.5,0.9,0.1,
487.0,Tolu Smith,25.0,DET,PF,11.0,0.0,99.0,16.7,0.592,0.0,0.72,17.1,23.3,20.2,10.5,1.0,5.0,15.4,16.3,0.2,0.2,0.4,0.181,-1.3,1.6,0.4,0.1,
488.0,Javonte Cooke,26.0,POR,SG,19.0,0.0,94.0,-0.1,0.275,0.561,0.049,4.5,17.5,10.9,9.9,3.0,0.0,17.7,21.9,-0.5,0.1,-0.3,-0.177,-10.5,-1.2,-11.7,-0.2,
489.0,Chris Boucher,33.0,BOS,PF,9.0,0.0,94.0,7.8,0.392,0.6,0.16,2.4,18.3,10.5,4.1,2.7,7.5,3.6,12.8,-0.1,0.2,0.1,0.064,-5.9,2.7,-3.2,0.0,
490.0,Pacôme Dadiet,20.0,NYK,SG,25.0,0.0,93.0,10.7,0.458,0.69,0.207,3.6,20.4,11.9,13.6,1.6,1.1,5.9,15.4,0.0,0.1,0.2,0.092,-2.1,1.1,-1.0,0.0,
491.0,Kobe Bufkin,22.0,LAL,SG,11.0,1.0,90.0,5.1,0.397,0.526,0.211,1.3,10.1,5.9,7.4,1.1,3.1,8.8,22.1,-0.2,0.1,-0.2,-0.083,-7.2,-3.4,-10.6,-0.2,
492.0,Johnny Juzang,24.0,MIN,SG,21.0,0.0,88.0,12.2,0.518,0.632,0.211,6.4,14.6,10.6,9.8,1.1,1.0,10.7,22.3,0.0,0.1,0.1,0.04,-1.7,-1.7,-3.4,0.0,
493.0,Haywood Highsmith,29.0,PHO,SF,6.0,0.0,80.0,18.5,0.729,0.65,0.3,8.1,10.0,9.0,12.1,2.5,0.0,0.0,12.0,0.3,0.1,0.4,0.251,3.7,1.4,5.0,0.1,
494.0,Eric Gordon,37.0,PHI,SG,6.0,0.0,74.0,14.4,0.754,0.667,0.095,1.5,1.5,1.5,5.8,2.6,1.3,12.1,14.2,0.1,0.0,0.2,0.113,2.1,0.3,2.4,0.1,
495.0,Isaiah Crawford,24.0,HOU,SF,12.0,0.0,73.0,8.5,0.479,0.563,0.25,3.1,12.0,7.6,6.9,1.4,3.8,10.1,11.4,0.0,0.1,0.1,0.062,-2.8,0.6,-2.2,0.0,
496.0,Bobi Klintman,22.0,DET,SF,12.0,0.0,71.0,4.5,0.388,0.481,0.111,8.0,21.6,14.9,11.0,2.0,0.0,17.5,20.0,-0.2,0.1,-0.1,-0.042,-7.7,-1.0,-8.7,-0.1,
497.0,Omer Yurtseven,27.0,GSW,C,7.0,0.0,71.0,5.0,0.399,0.188,0.75,16.9,14.3,15.6,7.2,1.4,0.0,24.8,16.8,-0.1,0.1,-0.1,-0.047,-7.4,-3.0,-10.4,-0.2,
498.0,Caleb Houstan,23.0,ATL,SF,16.0,0.0,69.0,11.1,0.665,0.818,0.136,6.2,4.8,5.5,5.7,1.4,1.3,14.6,16.5,0.1,0.1,0.1,0.084,-1.8,-1.9,-3.7,0.0,
499.0,David Jones García,24.0,SAS,SF,11.0,0.0,68.0,21.0,0.579,0.2,0.24,6.5,13.9,10.3,37.5,4.2,1.3,15.3,20.2,0.1,0.1,0.3,0.206,2.6,3.8,6.4,0.1,
500.0,John Poulakidas,22.0,DAL,SG,5.0,0.0,68.0,8.7,0.568,0.864,0.0,1.6,15.4,8.6,6.0,2.1,0.0,8.3,14.8,0.0,0.1,0.1,0.058,-4.8,-0.5,-5.4,-0.1,
501.0,Kadary Richmond,24.0,WAS,SG,3.0,0.0,67.0,20.1,0.722,0.25,0.188,1.6,14.5,8.0,16.7,5.7,1.3,10.4,12.1,0.2,0.1,0.3,0.179,-0.9,4.3,3.4,0.1,
502.0,TyTy Washington Jr.,24.0,LAC,PG,10.0,0.0,66.0,15.1,0.583,0.444,0.0,1.8,3.4,2.6,30.3,3.0,2.9,14.3,14.1,0.1,0.1,0.2,0.127,0.9,1.3,2.3,0.1,
503.0,Antonio Reeves,25.0,CHO,SG,9.0,0.0,66.0,12.3,0.675,0.65,0.0,3.5,10.0,6.8,4.3,0.7,0.0,4.8,13.4,0.1,0.0,0.2,0.123,1.0,-0.1,0.9,0.0,
504.0,Taj Gibson,40.0,MEM,C,7.0,0.0,65.0,16.3,0.678,0.278,0.333,9.9,15.2,12.5,8.7,1.5,1.4,4.6,13.8,0.2,0.0,0.2,0.179,0.7,-0.3,0.4,0.0,
505.0,Monte Morris,30.0,IND,PG,6.0,0.0,65.0,6.9,0.414,0.4,0.2,1.6,10.4,5.9,18.9,0.7,1.3,8.4,15.5,-0.1,0.0,0.0,-0.03,-4.5,-1.5,-6.0,-0.1,
506.0,Garrett Temple,39.0,TOR,SG,19.0,0.0,64.0,3.9,0.413,0.769,0.692,1.7,12.5,7.0,15.1,2.3,3.0,29.2,16.0,-0.2,0.1,-0.1,-0.063,-7.2,0.4,-6.8,-0.1,
507.0,Drew Peterson,26.0,CHO,PF,6.0,0.0,64.0,0.6,0.148,0.75,0.125,5.4,10.4,7.9,3.8,2.3,1.4,0.0,11.1,-0.2,0.1,-0.1,-0.078,-8.3,-1.6,-9.9,-0.1,
508.0,Trey Jemison,26.0,NYK,C,11.0,0.0,61.0,6.4,0.605,0.0,0.143,14.5,14.7,14.6,6.0,0.8,3.3,44.6,9.4,0.0,0.1,0.0,0.031,-7.2,-0.3,-7.5,-0.1,
509.0,James Wiseman,24.0,IND,C,4.0,1.0,58.0,4.1,0.597,0.0,0.2,9.2,5.8,7.5,7.0,0.0,1.5,31.5,11.6,0.0,0.0,0.0,-0.03,-8.0,-1.1,-9.0,-0.1,
510.0,Johni Broome,23.0,PHI,C,11.0,0.0,55.0,0.4,0.188,0.208,0.25,13.8,18.2,15.9,9.3,2.6,3.4,10.1,22.7,-0.3,0.1,-0.2,-0.214,-11.8,-4.4,-16.2,-0.2,
511.0,Cody Martin,30.0,IND,SF,4.0,0.0,55.0,3.0,0.277,0.5,0.6,1.9,26.5,13.9,4.5,3.5,3.1,24.0,12.9,-0.2,0.1,-0.1,-0.105,-10.0,2.0,-8.0,-0.1,
512.0,Wendell Moore Jr.,24.0,DET,SG,5.0,0.0,54.0,10.0,0.635,0.143,0.286,2.1,10.2,6.2,6.7,1.8,3.7,11.3,6.8,0.1,0.1,0.1,0.119,-2.5,1.9,-0.6,0.0,
513.0,Nikola Topić,20.0,OKC,PG,5.0,0.0,53.0,1.9,0.5,0.313,0.0,4.2,11.8,8.2,25.0,0.0,0.0,40.7,22.0,-0.2,0.1,-0.1,-0.134,-8.2,-3.1,-11.3,-0.1,
514.0,Jahmir Young,25.0,MIA,PG,11.0,0.0,51.0,5.6,0.437,0.364,0.091,4.0,4.1,4.0,15.8,0.9,0.0,11.6,20.6,-0.1,0.0,0.0,-0.037,-7.1,-2.0,-9.1,-0.1,
515.0,Seth Curry,35.0,GSW,SG,4.0,0.0,51.0,21.8,0.737,0.412,0.176,6.4,6.6,6.5,21.0,1.9,0.0,0.0,15.2,0.2,0.0,0.3,0.265,4.9,1.5,6.5,0.1,
516.0,Lawson Lovering,22.0,MEM,C,2.0,1.0,49.0,13.7,0.574,0.0,0.5,13.1,20.1,16.5,8.3,2.9,1.9,14.1,12.0,0.1,0.1,0.1,0.112,-3.7,0.0,-3.7,0.0,
517.0,Keshon Gilbert,22.0,WAS,PG,3.0,0.0,48.0,4.5,0.521,0.5,1.0,4.4,6.7,5.6,7.4,2.0,7.3,51.0,10.2,-0.1,0.0,-0.1,-0.087,-6.3,-0.4,-6.6,-0.1,
518.0,Mac McClung,27.0,2TM,SG,4.0,0.0,47.0,8.4,0.43,0.48,0.16,0.0,11.8,5.8,6.3,5.1,3.7,10.1,26.8,-0.2,0.1,-0.1,-0.089,-8.3,2.9,-5.3,0.0,
518.0,Mac McClung,27.0,IND,SG,3.0,0.0,34.0,12.9,0.481,0.556,0.222,0.0,13.2,6.4,4.6,7.0,2.5,9.2,27.2,-0.1,0.1,0.0,-0.016,-5.6,6.1,0.5,0.0,
518.0,Mac McClung,27.0,CHI,SG,1.0,0.0,13.0,-3.2,0.286,0.286,0.0,0.0,8.1,4.1,10.6,0.0,6.7,12.5,25.8,-0.1,0.0,-0.1,-0.279,-15.2,-5.3,-20.6,-0.1,
519.0,Mo Bamba,27.0,2TM,C,4.0,0.0,44.0,13.0,0.455,0.0,0.0,24.3,30.3,27.2,3.1,0.0,6.6,15.4,12.3,0.0,0.0,0.1,0.057,-4.4,-3.6,-8.0,-0.1,
519.0,Mo Bamba,27.0,TOR,C,2.0,0.0,6.0,-2.8,0.0,0.0,0.0,18.5,19.1,18.8,0.0,0.0,16.1,0.0,14.3,0.0,0.0,0.0,-0.162,-18.9,-2.5,-21.4,0.0,
519.0,Mo Bamba,27.0,UTA,C,2.0,0.0,38.0,15.5,0.556,0.0,0.0,25.3,32.0,28.6,3.6,0.0,5.2,18.2,11.9,0.0,0.0,0.1,0.092,-2.1,-3.8,-5.9,0.0,
520.0,Isaiah Stevens,25.0,SAC,PG,3.0,0.0,43.0,16.5,0.571,0.143,0.571,5.0,2.7,3.9,29.3,5.6,0.0,18.6,10.6,0.1,0.0,0.1,0.132,-1.2,3.3,2.1,0.0,
521.0,Trey Alexander,22.0,NOP,SG,5.0,0.0,42.0,13.6,0.778,0.333,0.0,0.0,10.4,5.1,16.4,1.1,2.3,10.0,9.9,0.1,0.0,0.1,0.133,0.4,0.2,0.6,0.0,
522.0,Dario Šarić,31.0,SAC,C,5.0,0.0,41.0,0.7,0.363,0.5,0.333,2.6,14.0,8.2,5.8,0.0,0.0,22.5,9.2,-0.1,0.0,-0.1,-0.082,-6.7,-2.3,-9.0,-0.1,
523.0,Charles Bassey,25.0,3TM,C,5.0,0.0,40.0,17.8,0.488,0.0,0.25,21.5,24.6,23.0,6.5,2.5,4.7,7.0,15.0,0.0,0.1,0.1,0.13,-0.1,0.2,0.1,0.0,
523.0,Charles Bassey,25.0,MEM,C,2.0,0.0,31.0,12.7,0.376,0.0,0.375,24.1,28.3,26.2,8.4,1.5,3.0,9.7,13.8,0.0,0.0,0.0,0.074,-3.0,-1.4,-4.5,0.0,
523.0,Charles Bassey,25.0,PHI,C,1.0,0.0,5.0,21.3,1.0,0.0,0.0,0.0,0.0,0.0,0.0,0.0,18.8,0.0,8.4,0.0,0.0,0.0,0.19,2.9,4.1,6.9,0.0,
523.0,Charles Bassey,25.0,BOS,C,2.0,0.0,4.0,53.1,0.667,0.0,0.0,27.7,26.9,27.3,0.0,12.7,0.0,0.0,32.5,0.0,0.0,0.0,0.486,18.9,8.1,26.9,0.0,
524.0,Skal Labissière,29.0,WAS,PF,3.0,0.0,38.0,16.4,0.65,0.5,0.0,8.3,17.0,12.6,11.1,2.5,2.3,9.1,12.1,0.1,0.0,0.1,0.124,-0.1,0.4,0.3,0.0,
525.0,Grant Nelson,23.0,BRK,PF,4.0,0.0,35.0,17.6,0.634,0.0,1.111,3.2,17.5,10.0,22.5,1.4,13.2,23.0,21.6,0.0,0.1,0.1,0.1,-2.5,4.8,2.3,0.0,
526.0,Tristan Enaruna,24.0,CLE,SF,6.0,0.0,34.0,9.8,0.395,0.313,0.063,16.1,12.9,14.5,12.2,1.4,0.0,10.8,22.8,-0.1,0.0,0.0,-0.033,-4.6,-3.4,-8.0,-0.1,
527.0,Tyler Smith,21.0,DAL,PF,5.0,0.0,34.0,3.2,0.463,0.818,0.182,3.2,15.4,9.4,0.0,1.4,0.0,20.2,18.4,-0.1,0.0,-0.1,-0.101,-6.9,-2.7,-9.6,-0.1,
528.0,DaQuan Jeffries,28.0,SAC,SG,2.0,0.0,34.0,16.6,0.814,0.3,0.1,6.4,3.4,4.9,4.5,0.0,0.0,0.0,13.1,0.1,0.0,0.1,0.158,1.9,-2.3,-0.3,0.0,
529.0,Koby Brea,23.0,PHO,SG,7.0,0.0,33.0,15.8,0.638,0.786,0.143,0.0,6.9,3.4,18.2,0.0,0.0,0.0,19.2,0.1,0.0,0.1,0.2,3.0,-1.6,1.3,0.0,
530.0,Emanuel Miller,25.0,CHI,PF,5.0,0.0,33.0,15.1,0.54,0.462,0.154,3.3,6.4,4.8,17.4,2.8,0.0,0.0,17.6,0.1,0.0,0.1,0.113,1.6,0.9,2.5,0.0,
531.0,Jahmyl Telfort,24.0,LAC,PF,8.0,0.0,32.0,-5.3,0.087,1.0,1.0,0.0,10.6,5.5,3.7,1.6,0.0,14.8,9.4,-0.1,0.0,-0.1,-0.163,-12.1,-1.7,-13.9,-0.1,
532.0,Curtis Jones,24.0,DEN,SG,6.0,0.0,31.0,1.3,0.321,0.643,0.0,3.8,13.9,9.1,12.8,0.0,0.0,6.7,21.0,-0.1,0.0,-0.1,-0.138,-9.9,-5.7,-15.6,-0.1,
533.0,Adama-Alpha Bal,22.0,MEM,,1.0,0.0,28.0,-0.1,0.188,0.625,0.0,0.0,7.8,3.9,13.0,3.4,0.0,0.0,11.9,-0.1,0.0,0.0,-0.083,-12.0,-0.1,-12.1,-0.1,
534.0,Dillon Jones,24.0,NYK,SF,6.0,0.0,27.0,13.1,0.451,0.667,0.667,8.2,16.6,12.3,17.4,3.7,0.0,0.0,12.3,0.1,0.0,0.1,0.193,-3.5,3.5,-0.1,0.0,
535.0,Markelle Fultz,27.0,TOR,PG,3.0,0.0,27.0,-0.1,0.25,0.0,0.0,0.0,0.0,0.0,32.3,3.6,0.0,33.3,19.0,-0.1,0.0,-0.1,-0.194,-11.5,-4.0,-15.5,-0.1,
536.0,Hunter Sallis,22.0,PHI,SG,7.0,0.0,26.0,2.0,0.595,0.0,0.4,0.0,4.3,2.1,20.7,0.0,3.6,46.0,17.7,-0.1,0.0,-0.1,-0.151,-7.7,-2.9,-10.6,-0.1,
537.0,Mark Sears,23.0,MIL,PG,7.0,0.0,26.0,15.3,0.666,0.615,0.615,4.4,4.3,4.3,12.5,0.0,0.0,19.5,34.9,0.0,0.0,0.0,0.014,2.3,-4.6,-2.3,0.0,
538.0,Isaac Jones,25.0,2TM,PF,6.0,1.0,26.0,9.1,0.509,0.333,0.333,8.3,12.7,10.7,4.8,0.0,3.8,0.0,11.1,0.0,0.0,0.0,0.075,-5.0,-1.1,-6.1,0.0,
538.0,Isaac Jones,25.0,SAC,PF,3.0,1.0,17.0,5.7,0.521,0.5,1.0,12.7,0.0,6.6,7.3,0.0,0.0,0.0,7.2,0.0,0.0,0.0,0.058,-6.4,-1.9,-8.3,0.0,
538.0,Isaac Jones,25.0,DET,PF,3.0,0.0,9.0,15.7,0.5,0.25,0.0,0.0,36.5,18.5,0.0,0.0,11.0,0.0,18.4,0.0,0.0,0.0,0.107,-2.4,0.3,-2.1,0.0,
539.0,Chris Mañon,24.0,LAL,SG,6.0,0.0,25.0,9.3,0.347,1.0,1.0,4.8,22.8,14.1,4.6,5.8,7.4,25.8,6.8,0.0,0.1,0.0,0.083,-6.4,5.8,-0.6,0.0,
540.0,Orlando Robinson,25.0,ORL,C,4.0,1.0,25.0,14.7,0.7,0.4,0.0,8.8,9.0,8.9,16.5,1.9,0.0,0.0,8.5,0.1,0.0,0.1,0.196,0.8,0.6,1.4,0.0,
541.0,Dalano Banton,26.0,2TM,PG,5.0,0.0,25.0,12.6,0.506,0.0,0.222,4.8,0.0,2.3,24.8,2.0,4.1,16.8,20.8,0.0,0.0,0.0,0.034,-4.4,-0.7,-5.1,0.0,
541.0,Dalano Banton,26.0,LAC,PG,2.0,0.0,10.0,27.9,0.75,0.0,0.0,12.0,0.0,5.8,37.2,5.0,0.0,20.0,22.2,0.0,0.0,0.0,0.227,7.3,5.1,12.4,0.0,
541.0,Dalano Banton,26.0,BOS,PG,3.0,0.0,15.0,2.5,0.34,0.0,0.4,0.0,0.0,0.0,16.6,0.0,6.8,14.5,19.9,0.0,0.0,0.0,-0.096,-12.2,-4.6,-16.7,-0.1,
542.0,Sean Pedulla,23.0,LAC,PG,4.0,0.0,23.0,13.2,0.5,0.692,0.0,0.0,9.8,5.1,28.1,0.0,0.0,0.0,25.1,0.0,0.0,0.0,0.08,-3.4,-5.0,-8.4,0.0,
543.0,Riley Minix,25.0,2TM,SF,6.0,0.0,23.0,29.1,0.792,0.5,0.0,9.6,14.1,11.8,31.6,2.1,0.0,14.3,25.6,0.1,0.0,0.1,0.262,8.8,2.4,11.2,0.1,
543.0,Riley Minix,25.0,SAS,SF,3.0,0.0,8.0,44.8,0.75,0.5,0.0,13.8,13.1,13.4,31.4,6.0,0.0,0.0,31.6,0.1,0.0,0.1,0.431,18.0,7.4,25.5,0.1,
543.0,Riley Minix,25.0,CLE,SF,3.0,0.0,15.0,20.7,0.833,0.5,0.0,7.3,14.6,11.0,31.7,0.0,0.0,25.0,22.4,0.0,0.0,0.1,0.173,3.8,-0.3,3.5,0.0,
544.0,Brandon Clarke,29.0,MEM,PF,2.0,2.0,20.0,12.3,0.372,0.0,0.444,21.3,11.0,16.2,7.0,4.7,0.0,0.0,22.3,0.0,0.0,0.0,0.046,-4.7,-0.2,-4.8,0.0,
545.0,Cormac Ryan,27.0,MIL,SG,3.0,0.0,19.0,4.4,0.339,0.667,0.333,6.0,0.0,3.0,7.1,5.2,5.3,8.8,26.4,-0.1,0.0,-0.1,-0.141,-9.4,-0.7,-10.1,0.0,
546.0,Harrison Ingram,23.0,SAS,SF,5.0,0.0,17.0,22.9,0.9,0.2,0.0,19.5,0.0,9.5,8.9,0.0,0.0,0.0,12.4,0.1,0.0,0.1,0.298,7.9,-0.5,7.3,0.0,
547.0,Jacob Toppin,25.0,ATL,SF,5.0,0.0,17.0,15.2,0.667,0.0,0.0,0.0,6.5,3.2,8.8,0.0,5.3,0.0,14.7,0.0,0.0,0.0,0.127,-0.1,0.5,0.4,0.0,
548.0,Chris Livingston,22.0,CLE,SF,3.0,0.0,17.0,15.5,0.605,0.429,0.143,0.0,19.4,9.7,8.9,2.8,0.0,0.0,18.4,0.0,0.0,0.1,0.166,-4.8,2.0,-2.8,0.0,
549.0,Rocco Zikarsky,19.0,MIN,C,4.0,0.0,16.0,21.1,0.6,0.0,0.0,14.0,20.1,17.1,0.0,0.0,16.4,0.0,13.2,0.0,0.0,0.1,0.197,1.6,0.8,2.4,0.0,
550.0,Buddy Boeheim,26.0,OKC,SF,4.0,0.0,15.0,4.7,0.5,1.0,0.0,0.0,0.0,0.0,0.0,0.0,0.0,0.0,17.3,0.0,0.0,0.0,0.013,-3.8,-4.6,-8.4,0.0,
551.0,N'Faly Dante,24.0,ATL,C,4.0,0.0,15.0,12.4,0.338,0.0,0.25,21.4,29.4,25.3,0.0,6.3,0.0,18.4,15.1,0.0,0.0,0.0,0.049,-3.7,-0.9,-4.6,0.0,
552.0,Vladislav Goldin,24.0,MIA,C,5.0,0.0,14.0,12.1,0.667,0.0,0.0,7.3,22.2,14.7,18.8,0.0,6.4,25.0,11.6,0.0,0.0,0.0,0.118,-5.1,4.4,-0.7,0.0,
553.0,Norchad Omier,24.0,LAC,PF,3.0,0.0,14.0,28.9,0.8,0.2,0.0,17.2,16.2,16.6,12.9,3.6,0.0,0.0,15.8,0.1,0.0,0.1,0.331,4.4,0.5,4.9,0.0,
554.0,Chucky Hepburn,22.0,TOR,PG,2.0,0.0,13.0,-13.5,0.0,0.833,0.0,0.0,8.8,4.3,17.5,3.8,0.0,14.3,23.1,-0.1,0.0,-0.1,-0.444,-20.7,-3.2,-23.9,-0.1,
555.0,David Roddy,24.0,DEN,PF,2.0,0.0,12.0,10.1,0.258,1.0,0.667,9.8,26.9,18.7,18.8,4.1,0.0,0.0,14.1,0.0,0.0,0.0,0.063,-5.1,1.1,-4.0,0.0,
556.0,Alex Morales,28.0,ORL,PG,1.0,0.0,12.0,4.5,0.5,0.0,0.0,9.2,18.8,14.0,43.6,0.0,0.0,50.0,14.2,0.0,0.0,0.0,-0.018,-9.1,-2.1,-11.1,0.0,
557.0,John Tonje,24.0,BOS,SG,3.0,0.0,11.0,4.3,0.347,1.0,1.0,0.0,19.6,9.9,10.4,0.0,0.0,0.0,11.4,0.0,0.0,0.0,0.038,-11.2,-2.0,-13.2,0.0,
558.0,Max Shulga,23.0,BOS,SG,6.0,0.0,10.0,6.6,0.515,0.333,0.667,11.1,0.0,5.5,26.0,0.0,0.0,20.5,21.2,0.0,0.0,0.0,0.068,-8.8,-0.1,-8.9,0.0,
559.0,Colin Castleton,25.0,ORL,C,1.0,0.0,10.0,-3.5,0.333,0.0,0.0,0.0,45.1,22.3,13.4,0.0,0.0,40.0,21.2,-0.1,0.0,-0.1,-0.269,-13.3,-2.4,-15.7,0.0,
560.0,Tosan Evbuomwan,24.0,NYK,SF,5.0,0.0,8.0,-0.3,0.0,0.0,0.0,13.8,14.0,13.9,0.0,0.0,0.0,0.0,5.3,0.0,0.0,0.0,-0.024,-8.5,-3.0,-11.6,0.0,
561.0,Enrique Freeman,25.0,MIN,PF,2.0,0.0,8.0,9.1,,,,0.0,40.3,20.6,0.0,0.0,11.0,,0.0,0.0,0.0,0.0,0.11,-1.2,3.6,2.4,0.0,
562.0,Jayson Kent,23.0,POR,SF,2.0,0.0,7.0,24.2,0.833,0.667,0.0,0.0,31.3,15.4,0.0,0.0,0.0,0.0,17.4,0.0,0.0,0.0,0.218,8.1,1.7,9.9,0.0,
563.0,Payton Sandfort,23.0,OKC,SF,2.0,0.0,7.0,-15.1,0.34,0.8,0.4,0.0,29.7,15.4,0.0,0.0,0.0,14.5,42.5,-0.1,0.0,-0.1,-0.377,-27.2,-6.1,-33.3,-0.1,
564.0,Stanley Umude,26.0,SAS,SG,2.0,0.0,7.0,11.6,0.5,0.5,0.0,0.0,0.0,0.0,18.9,6.9,0.0,0.0,12.1,0.0,0.0,0.0,0.166,-6.7,7.0,0.4,0.0,
565.0,Colby Jones,23.0,DET,SG,1.0,0.0,7.0,13.0,0.333,0.667,0.0,0.0,62.7,31.8,37.9,0.0,0.0,0.0,17.8,0.0,0.0,0.0,0.124,-3.2,5.6,2.4,0.0,
566.0,Noa Essengue,19.0,CHI,PF,2.0,0.0,6.0,-12.0,0.0,0.667,0.0,0.0,0.0,0.0,0.0,7.8,0.0,0.0,20.9,-0.1,0.0,-0.1,-0.417,-20.6,-3.0,-23.7,0.0,
567.0,Trentyn Flowers,20.0,CHI,SF,2.0,0.0,6.0,16.7,0.667,0.333,0.0,18.0,0.0,8.9,30.6,0.0,0.0,25.0,27.9,0.0,0.0,0.0,0.025,1.8,-2.7,-0.9,0.0,
568.0,Zyon Pullin,24.0,MIN,SG,2.0,0.0,6.0,25.7,1.064,0.0,2.0,0.0,0.0,0.0,70.1,8.0,0.0,51.5,27.3,0.0,0.0,0.0,0.275,-1.8,8.4,6.7,0.0,
569.0,Trevor Keels,22.0,MIA,SG,4.0,0.0,5.0,-22.7,0.0,0.75,0.0,0.0,41.5,20.6,0.0,0.0,0.0,0.0,32.5,-0.1,0.0,-0.1,-0.697,-28.6,-11.5,-40.0,0.0,
570.0,Hunter Dickinson,25.0,NOP,C,1.0,0.0,5.0,-11.0,0.5,0.0,0.0,0.0,0.0,0.0,0.0,0.0,19.0,50.0,33.4,-0.1,0.0,-0.1,-0.52,-27.0,1.1,-25.9,0.0,
571.0,CJ Huntley,24.0,PHO,SF,1.0,0.0,5.0,7.1,0.5,0.0,0.0,0.0,0.0,0.0,0.0,0.0,0.0,0.0,17.0,0.0,0.0,0.0,-0.007,-5.0,-3.9,-8.8,0.0,
572.0,Olivier Sarr,26.0,CLE,C,1.0,0.0,4.0,-2.3,0.568,,,0.0,0.0,0.0,0.0,0.0,0.0,0.0,9.2,0.0,0.0,0.0,0.047,-12.1,-1.6,-13.7,0.0,
573.0,Darius Brown II,26.0,CLE,SG,1.0,0.0,3.0,-7.7,0.0,0.0,0.0,0.0,36.6,18.3,0.0,0.0,0.0,0.0,14.0,0.0,0.0,0.0,-0.268,-16.2,-2.4,-18.7,0.0,
,League Average,,,,,,,,0.581,0.415,0.265,5.2,14.8,10.0,16.3,1.7,1.9,12.2,19.9,,,,,,,,,
